========================================= 
Behave Run Started at Sat 02/28/2026 20:00:01.56 
========================================= 

============================================================
STARTING DOMAIN: aone.cartzlink.com (Server: AONE-CARTZLINK)
============================================================
[INFO] Running 3 feature files for domain 'aone.cartzlink.com':
    E:\shayan\tests\features\aone.cartzlink.com\AccV.feature
    E:\shayan\tests\features\aone.cartzlink.com\SI.feature
    E:\shayan\tests\features\aone.cartzlink.com\SO.feature
[INFO] Domain = aone.cartzlink.com
[INFO] Starting browser and logging in for domain: aone.cartzlink.com
[INFO] Creating fresh browser instance for domain: aone.cartzlink.com
[INFO] Attempt 1/3: Creating Chrome driver...
[PASS] Chrome driver created successfully on attempt 1
[INFO] Attempt 1/3: Opening https://aone.cartzlink.com/admin/?r=user/user/login&_lang=en
[PASS] Page loaded successfully on attempt 1
[PASS] Opened URL: https://aone.cartzlink.com/admin/?r=user/user/login&_lang=en
[INFO] Testing refresh function for dashboard elements...
[WARN] Page load taking longer than 30s, refreshing... (refresh 1/2)
[WARN] Page load taking longer than 30s, refreshing... (refresh 2/2)
[WARN] Refresh function failed, trying fallback method: Message: 
Stacktrace:
Symbols not available. Dumping unresolved backtrace:
	0x7ff6d3f8aa55
	0x7ff6d3ce8630
	0x7ff6d3a7d75d
	0x7ff6d3ad862e
	0x7ff6d3ad893c
	0x7ff6d3b28d87
	0x7ff6d3b2591c
	0x7ff6d3ac9098
	0x7ff6d3ac9f83
	0x7ff6d3fb7810
	0x7ff6d3fb1afd
	0x7ff6d3fd2c1a
	0x7ff6d3d03345
	0x7ff6d3d0b81c
	0x7ff6d3cf1924
	0x7ff6d3cf1ad6
	0x7ff6d3cd7e47
	0x7ffcf0467374
	0x7ffcf247cc91

[PASS] Login successful - dashboard loaded with fallback method
[INFO] Login completed. Page Load: 1.5s, Login: 195.7s
[INFO] Login successful for domain: aone.cartzlink.com
[INFO] Starting feature: Add Account Voucher
Feature: Add Account Voucher # features/aone.cartzlink.com/AccV.feature:4

  @critical
  Scenario: Visit Account Voucher Page and click on Edit btn  # features/aone.cartzlink.com/AccV.feature:7
    Given we visit "accounts2"                                # features/steps/form_actions.py:36
    When we edit the top row                                  # features/steps/cartzlink_form.py:155
      Assertion Failed:  Edit button could not be clicked or did not open the form
      Captured stdout:
       Successfully loaded accounts2
      
      [Screenshot Saved] E:\shayan\tests\screenshots\we edit the top row_20260228_200340.png

[INFO] Completed feature: Add Account Voucher
DEBUG: context.domain = aone.cartzlink.com
DEBUG: timing_summary = {'aone.cartzlink.com': {'Server': 'AONE-CARTZLINK', 'Page Load': 1.5, 'Login': 195.7, 'Features': {'Add Account Voucher': {'Feature': None, 'Scenario Timings': [{'name': 'Visit Account Voucher Page and click on Edit btn', 'duration': 16.1, 'status': 'failed', 'failed_steps': []}], 'Failed Steps': []}}}}
PASS Feature: Add Account Voucher (16.1s)
[DEBUG] Writing timing summary for aone.cartzlink.com to E:\shayan\tests\timing_results\aone.cartzlink.com_timing.json

[INFO] Starting feature: Sales Invoice
Feature: Sales Invoice # features/aone.cartzlink.com/SI.feature:3

  @critical
  Scenario: Visit Sales Order Page and click on Edit btn  # features/aone.cartzlink.com/SI.feature:6
    Given we visit "orders/salesInvoice"                  # features/steps/form_actions.py:36
    When we edit the top row                              # features/steps/cartzlink_form.py:155
      Assertion Failed:  Edit button could not be clicked or did not open the form
      Captured stdout:
       Successfully loaded orders/salesInvoice
      
      [Screenshot Saved] E:\shayan\tests\screenshots\we edit the top row_20260228_200356.png

[INFO] Completed feature: Sales Invoice
DEBUG: context.domain = aone.cartzlink.com
DEBUG: timing_summary = {'aone.cartzlink.com': {'Server': 'AONE-CARTZLINK', 'Page Load': 1.5, 'Login': 195.7, 'Features': {'Add Account Voucher': {'Feature': 16.1, 'Scenario Timings': [{'name': 'Visit Account Voucher Page and click on Edit btn', 'duration': 16.1, 'status': 'failed', 'failed_steps': []}], 'Failed Steps': []}, 'Sales Invoice': {'Feature': None, 'Scenario Timings': [{'name': 'Visit Sales Order Page and click on Edit btn', 'duration': 15.8, 'status': 'failed', 'failed_steps': []}], 'Failed Steps': []}}}}
PASS Feature: Sales Invoice (15.8s)
[DEBUG] Writing timing summary for aone.cartzlink.com to E:\shayan\tests\timing_results\aone.cartzlink.com_timing.json

[INFO] Starting feature: Sales Order
Feature: Sales Order # features/aone.cartzlink.com/SO.feature:4

  @critical
  Scenario: Visit Sales Order Page and click on Edit btn  # features/aone.cartzlink.com/SO.feature:7
    Given we visit "orders/salesOrder"                    # features/steps/form_actions.py:36
    When we edit the top row                              # features/steps/cartzlink_form.py:155
      Assertion Failed:  Edit button could not be clicked or did not open the form
      Captured stdout:
       Successfully loaded orders/salesOrder
      
      [Screenshot Saved] E:\shayan\tests\screenshots\we edit the top row_20260228_200412.png

[INFO] Completed feature: Sales Order
DEBUG: context.domain = aone.cartzlink.com
DEBUG: timing_summary = {'aone.cartzlink.com': {'Server': 'AONE-CARTZLINK', 'Page Load': 1.5, 'Login': 195.7, 'Features': {'Add Account Voucher': {'Feature': 16.1, 'Scenario Timings': [{'name': 'Visit Account Voucher Page and click on Edit btn', 'duration': 16.1, 'status': 'failed', 'failed_steps': []}], 'Failed Steps': []}, 'Sales Invoice': {'Feature': 15.8, 'Scenario Timings': [{'name': 'Visit Sales Order Page and click on Edit btn', 'duration': 15.8, 'status': 'failed', 'failed_steps': []}], 'Failed Steps': []}, 'Sales Order': {'Feature': None, 'Scenario Timings': [{'name': 'Visit Sales Order Page and click on Edit btn', 'duration': 15.8, 'status': 'failed', 'failed_steps': []}], 'Failed Steps': []}}}}
PASS Feature: Sales Order (15.8s)
[DEBUG] Writing timing summary for aone.cartzlink.com to E:\shayan\tests\timing_results\aone.cartzlink.com_timing.json

[INFO] Closing browser for domain: aone.cartzlink.com
[INFO] Browser closed successfully for domain: aone.cartzlink.com
[INFO] Browser instance cleared for domain: aone.cartzlink.com
[SUMMARY] Timing for aone.cartzlink.com:
{
  "page_load": {
    "current": 1.5,
    "average": 1.7166666666666668,
    "values": [
      1.5,
      2.0,
      1.9,
      1.5,
      1.6,
      1.8
    ],
    "is_high": false
  },
  "login": {
    "current": 195.7,
    "average": 193.96666666666667,
    "values": [
      195.7,
      192.5,
      195.0,
      192.8,
      195.2,
      192.6
    ],
    "is_high": true
  },
  "features": {
    "Add Account Voucher": {
      "current": 16.1,
      "average": 15.966666666666667,
      "values": [
        16.1,
        16.2,
        15.9,
        15.8,
        15.9,
        15.9
      ],
      "is_high": true
    },
    "Sales Invoice": {
      "current": 15.8,
      "average": 15.85,
      "values": [
        15.8,
        15.8,
        16.0,
        15.7,
        15.9,
        15.9
      ],
      "is_high": false
    },
    "Sales Order": {
      "current": 15.8,
      "average": 15.816666666666668,
      "values": [
        15.8,
        15.8,
        15.8,
        15.9,
        15.9,
        15.7
      ],
      "is_high": false
    }
  },
  "scenario": {
    "current": 15.9,
    "average": 15.877777777777778,
    "values": [
      15.9,
      15.933333333333332,
      15.9,
      15.799999999999999,
      15.9,
      15.833333333333334
    ],
    "is_high": true
  }
}

[INFO] Server: AONE-CARTZLINK | Domain: aone.cartzlink.com
==================================================
[FAIL] Add Account Voucher
[FAIL] Sales Invoice
[FAIL] Sales Order

============================================================
COMPLETED DOMAIN: aone.cartzlink.com
============================================================

============================================================
STARTING DOMAIN: bmkenya.itserver.biz (Server: BM-KENYA)
============================================================
[INFO] Running 2 feature files for domain 'bmkenya.itserver.biz':
    E:\shayan\tests\features\bmkenya.itserver.biz\AccV.feature
    E:\shayan\tests\features\bmkenya.itserver.biz\SO.feature
[INFO] Domain = bmkenya.itserver.biz
[INFO] Starting browser and logging in for domain: bmkenya.itserver.biz
[INFO] Creating fresh browser instance for domain: bmkenya.itserver.biz
[INFO] Attempt 1/3: Creating Chrome driver...
[PASS] Chrome driver created successfully on attempt 1
[INFO] Attempt 1/3: Opening https://bmkenya.itserver.biz/admin/?r=user/user/login&_lang=en
[PASS] Page loaded successfully on attempt 1
[PASS] Opened URL: https://bmkenya.itserver.biz/admin/?r=user/user/login&_lang=en
[INFO] Testing refresh function for dashboard elements...
[WARN] Page load taking longer than 30s, refreshing... (refresh 1/2)
[WARN] Page load taking longer than 30s, refreshing... (refresh 2/2)
[WARN] Refresh function failed, trying fallback method: Message: 
Stacktrace:
Symbols not available. Dumping unresolved backtrace:
	0x7ff6d3f8aa55
	0x7ff6d3ce8630
	0x7ff6d3a7d75d
	0x7ff6d3ad862e
	0x7ff6d3ad893c
	0x7ff6d3b28d87
	0x7ff6d3b2591c
	0x7ff6d3ac9098
	0x7ff6d3ac9f83
	0x7ff6d3fb7810
	0x7ff6d3fb1afd
	0x7ff6d3fd2c1a
	0x7ff6d3d03345
	0x7ff6d3d0b81c
	0x7ff6d3cf1924
	0x7ff6d3cf1ad6
	0x7ff6d3cd7e47
	0x7ffcf0467374
	0x7ffcf247cc91

[PASS] Login successful - dashboard loaded with fallback method
[INFO] Login completed. Page Load: 4.0s, Login: 191.0s
[INFO] Login successful for domain: bmkenya.itserver.biz
[INFO] Starting feature: Add Account Voucher
Feature: Add Account Voucher # features/bmkenya.itserver.biz/AccV.feature:4

  @critical
  Scenario: Visit Account Voucher Page and click on Edit btn  # features/bmkenya.itserver.biz/AccV.feature:7
    Given we visit "accounts2"                                # features/steps/form_actions.py:36
    When we edit the top row                                  # features/steps/cartzlink_form.py:155
      Assertion Failed:  Edit button could not be clicked or did not open the form
      Captured stdout:
       Successfully loaded accounts2
      
      [Screenshot Saved] E:\shayan\tests\screenshots\we edit the top row_20260228_200752.png

[INFO] Completed feature: Add Account Voucher
DEBUG: context.domain = bmkenya.itserver.biz
DEBUG: timing_summary = {'bmkenya.itserver.biz': {'Server': 'BM-KENYA', 'Page Load': 4.0, 'Login': 191.0, 'Features': {'Add Account Voucher': {'Feature': None, 'Scenario Timings': [{'name': 'Visit Account Voucher Page and click on Edit btn', 'duration': 16.5, 'status': 'failed', 'failed_steps': []}], 'Failed Steps': []}}}}
PASS Feature: Add Account Voucher (16.5s)
[DEBUG] Writing timing summary for bmkenya.itserver.biz to E:\shayan\tests\timing_results\bmkenya.itserver.biz_timing.json

[INFO] Starting feature: Sales Order
Feature: Sales Order # features/bmkenya.itserver.biz/SO.feature:4

  @critical
  Scenario: Visit Sales order page     # features/bmkenya.itserver.biz/SO.feature:7
    Given we visit "orders/salesOrder" # features/steps/form_actions.py:36
[INFO] Completed feature: Sales Order
DEBUG: context.domain = bmkenya.itserver.biz
DEBUG: timing_summary = {'bmkenya.itserver.biz': {'Server': 'BM-KENYA', 'Page Load': 4.0, 'Login': 191.0, 'Features': {'Add Account Voucher': {'Feature': 16.5, 'Scenario Timings': [{'name': 'Visit Account Voucher Page and click on Edit btn', 'duration': 16.5, 'status': 'failed', 'failed_steps': []}], 'Failed Steps': []}, 'Sales Order': {'Feature': None, 'Scenario Timings': [{'name': 'Visit Sales order page', 'duration': 0.6, 'status': 'passed', 'failed_steps': []}], 'Failed Steps': []}}}}
PASS Feature: Sales Order (0.6s)
[DEBUG] Writing timing summary for bmkenya.itserver.biz to E:\shayan\tests\timing_results\bmkenya.itserver.biz_timing.json

[INFO] Closing browser for domain: bmkenya.itserver.biz
[INFO] Browser closed successfully for domain: bmkenya.itserver.biz
[INFO] Browser instance cleared for domain: bmkenya.itserver.biz
[SUMMARY] Timing for bmkenya.itserver.biz:
{
  "page_load": {
    "current": 4.0,
    "average": 4.033333333333333,
    "values": [
      4.0,
      3.7,
      4.2,
      4.1,
      4.2,
      4.0
    ],
    "is_high": false
  },
  "login": {
    "current": 191.0,
    "average": 191.48333333333335,
    "values": [
      191.0,
      192.3,
      191.1,
      191.0,
      192.8,
      190.7
    ],
    "is_high": false
  },
  "features": {
    "Add Account Voucher": {
      "current": 16.5,
      "average": 16.433333333333334,
      "values": [
        16.5,
        16.5,
        16.3,
        16.5,
        16.3,
        16.5
      ],
      "is_high": true
    },
    "Sales Order": {
      "current": 0.6,
      "average": 0.7333333333333334,
      "values": [
        0.6,
        0.8,
        0.8,
        0.6,
        0.8,
        0.8
      ],
      "is_high": false
    }
  },
  "scenario": {
    "current": 8.55,
    "average": 8.583333333333334,
    "values": [
      8.55,
      8.65,
      8.55,
      8.55,
      8.55,
      8.65
    ],
    "is_high": false
  }
}

[INFO] Server: BM-KENYA | Domain: bmkenya.itserver.biz
==================================================
[FAIL] Add Account Voucher
[PASS] Sales Order

============================================================
COMPLETED DOMAIN: bmkenya.itserver.biz
============================================================

============================================================
STARTING DOMAIN: crm.cartzlink.com (Server: CRM-CARTZLINK)
============================================================
[INFO] Running 1 feature files for domain 'crm.cartzlink.com':
    E:\shayan\tests\features\crm.cartzlink.com\dashboard.feature
[INFO] Domain = crm.cartzlink.com
[INFO] Starting browser and logging in for domain: crm.cartzlink.com
[INFO] Creating fresh browser instance for domain: crm.cartzlink.com
[INFO] Attempt 1/3: Creating Chrome driver...
[PASS] Chrome driver created successfully on attempt 1
[INFO] Attempt 1/3: Opening https://crm.cartzlink.com/admin/?r=user/user/login&_lang=en
[PASS] Page loaded successfully on attempt 1
[PASS] Opened URL: https://crm.cartzlink.com/admin/?r=user/user/login&_lang=en
[INFO] Testing refresh function for dashboard elements...
[WARN] Page load taking longer than 30s, refreshing... (refresh 1/2)
[WARN] Page load taking longer than 30s, refreshing... (refresh 2/2)
[WARN] Refresh function failed, trying fallback method: Message: 
Stacktrace:
Symbols not available. Dumping unresolved backtrace:
	0x7ff6d3f8aa55
	0x7ff6d3ce8630
	0x7ff6d3a7d75d
	0x7ff6d3ad862e
	0x7ff6d3ad893c
	0x7ff6d3b28d87
	0x7ff6d3b2591c
	0x7ff6d3ac9098
	0x7ff6d3ac9f83
	0x7ff6d3fb7810
	0x7ff6d3fb1afd
	0x7ff6d3fd2c1a
	0x7ff6d3d03345
	0x7ff6d3d0b81c
	0x7ff6d3cf1924
	0x7ff6d3cf1ad6
	0x7ff6d3cd7e47
	0x7ffcf0467374
	0x7ffcf247cc91

[PASS] Login successful - dashboard loaded with fallback method
[INFO] Login completed. Page Load: 0.8s, Login: 192.7s
[INFO] Login successful for domain: crm.cartzlink.com
[INFO] Starting feature: Dash board
Feature: Dash board # features/crm.cartzlink.com/dashboard.feature:4
[INFO] Completed feature: Dash board
DEBUG: context.domain = crm.cartzlink.com
DEBUG: timing_summary = {'crm.cartzlink.com': {'Server': 'CRM-CARTZLINK', 'Page Load': 0.8, 'Login': 192.7, 'Features': {'Dash board': {'Feature': None, 'Scenario Timings': [{'name': 'Visit Dash board page', 'duration': 0.0, 'status': 'passed', 'failed_steps': []}], 'Failed Steps': []}}}}
PASS Feature: Dash board (0.0s)
[DEBUG] Writing timing summary for crm.cartzlink.com to E:\shayan\tests\timing_results\crm.cartzlink.com_timing.json

  @critical
  Scenario: Visit Dash board page  # features/crm.cartzlink.com/dashboard.feature:7

[INFO] Closing browser for domain: crm.cartzlink.com
[INFO] Browser closed successfully for domain: crm.cartzlink.com
[INFO] Browser instance cleared for domain: crm.cartzlink.com
[SUMMARY] Timing for crm.cartzlink.com:
{
  "page_load": {
    "current": 0.8,
    "average": 0.8333333333333334,
    "values": [
      0.8,
      1.0,
      0.7,
      1.0,
      0.7,
      0.8
    ],
    "is_high": false
  },
  "login": {
    "current": 192.7,
    "average": 193.21666666666667,
    "values": [
      192.7,
      192.6,
      194.4,
      192.6,
      192.7,
      194.3
    ],
    "is_high": false
  },
  "features": {
    "Dash board": {
      "current": 0.0,
      "average": 0.0,
      "values": [
        0.0,
        0.0,
        0.0,
        0.0,
        0.0,
        0.0
      ],
      "is_high": 0.0
    }
  },
  "scenario": {
    "current": 0.0,
    "average": 0.0,
    "values": [
      0.0,
      0.0,
      0.0,
      0.0,
      0.0,
      0.0
    ],
    "is_high": 0.0
  }
}

[INFO] Server: CRM-CARTZLINK | Domain: crm.cartzlink.com
==================================================
[PASS] Dash board

============================================================
COMPLETED DOMAIN: crm.cartzlink.com
============================================================

============================================================
STARTING DOMAIN: fa3.itserver.biz (Server: CRM-CARTZLINK)
============================================================
[INFO] Running 2 feature files for domain 'fa3.itserver.biz':
    E:\shayan\tests\features\global\domain.feature
    E:\shayan\tests\features\global\domain2.feature
[INFO] Domain = fa3.itserver.biz
[INFO] Starting browser and logging in for domain: fa3.itserver.biz
[INFO] Creating fresh browser instance for domain: fa3.itserver.biz
[INFO] Attempt 1/3: Creating Chrome driver...
[PASS] Chrome driver created successfully on attempt 1
[INFO] Attempt 1/3: Opening https://fa3.itserver.biz/admin/?r=user/user/login&_lang=en
[PASS] Page loaded successfully on attempt 1
[PASS] Opened URL: https://fa3.itserver.biz/admin/?r=user/user/login&_lang=en
[INFO] Testing refresh function for dashboard elements...
[WARN] Page load taking longer than 30s, refreshing... (refresh 1/2)
[WARN] Page load taking longer than 30s, refreshing... (refresh 2/2)
[WARN] Refresh function failed, trying fallback method: Message: 
Stacktrace:
Symbols not available. Dumping unresolved backtrace:
	0x7ff6d3f8aa55
	0x7ff6d3ce8630
	0x7ff6d3a7d75d
	0x7ff6d3ad862e
	0x7ff6d3ad893c
	0x7ff6d3b28d87
	0x7ff6d3b2591c
	0x7ff6d3ac9098
	0x7ff6d3ac9f83
	0x7ff6d3fb7810
	0x7ff6d3fb1afd
	0x7ff6d3fd2c1a
	0x7ff6d3d03345
	0x7ff6d3d0b81c
	0x7ff6d3cf1924
	0x7ff6d3cf1ad6
	0x7ff6d3cd7e47
	0x7ffcf0467374
	0x7ffcf247cc91

[PASS] Login successful - dashboard loaded with fallback method
[INFO] Login completed. Page Load: 1.2s, Login: 193.9s
[INFO] Login successful for domain: fa3.itserver.biz
[INFO] Starting feature: Sales Order
Feature: Sales Order # features/global/domain.feature:3

  @critical
  Scenario: Sales order page           # features/global/domain.feature:6
    Given we visit "orders/salesOrder" # features/steps/form_actions.py:36
[INFO] Completed feature: Sales Order
DEBUG: context.domain = fa3.itserver.biz
DEBUG: timing_summary = {'fa3.itserver.biz': {'Server': 'CRM-CARTZLINK', 'Page Load': 1.2, 'Login': 193.9, 'Features': {'Sales Order': {'Feature': None, 'Scenario Timings': [{'name': 'Sales order page', 'duration': 0.2, 'status': 'passed', 'failed_steps': []}], 'Failed Steps': []}}}}
PASS Feature: Sales Order (0.2s)
[DEBUG] Writing timing summary for fa3.itserver.biz to E:\shayan\tests\timing_results\fa3.itserver.biz_timing.json

[INFO] Starting feature: Sales Invoice
Feature: Sales Invoice # features/global/domain2.feature:2

  @critical
  Scenario: Sales Invoice page           # features/global/domain2.feature:5
    Given we visit "orders/salesInvoice" # features/steps/form_actions.py:36
[INFO] Completed feature: Sales Invoice
DEBUG: context.domain = fa3.itserver.biz
DEBUG: timing_summary = {'fa3.itserver.biz': {'Server': 'CRM-CARTZLINK', 'Page Load': 1.2, 'Login': 193.9, 'Features': {'Sales Order': {'Feature': 0.2, 'Scenario Timings': [{'name': 'Sales order page', 'duration': 0.2, 'status': 'passed', 'failed_steps': []}], 'Failed Steps': []}, 'Sales Invoice': {'Feature': None, 'Scenario Timings': [{'name': 'Sales Invoice page', 'duration': 0.1, 'status': 'passed', 'failed_steps': []}], 'Failed Steps': []}}}}
PASS Feature: Sales Invoice (0.1s)
[DEBUG] Writing timing summary for fa3.itserver.biz to E:\shayan\tests\timing_results\fa3.itserver.biz_timing.json

[INFO] Closing browser for domain: fa3.itserver.biz
[INFO] Browser closed successfully for domain: fa3.itserver.biz
[INFO] Browser instance cleared for domain: fa3.itserver.biz
[SUMMARY] Timing for fa3.itserver.biz:
{
  "page_load": {
    "current": 1.2,
    "average": 1.25,
    "values": [
      1.2,
      1.3,
      1.1,
      1.4,
      1.2,
      1.3
    ],
    "is_high": false
  },
  "login": {
    "current": 193.9,
    "average": 193.1,
    "values": [
      193.9,
      192.6,
      194.6,
      192.5,
      192.8,
      192.2
    ],
    "is_high": true
  },
  "features": {
    "Sales Order": {
      "current": 0.2,
      "average": 0.15,
      "values": [
        0.2,
        0.1,
        0.2,
        0.2,
        0.1,
        0.1
      ],
      "is_high": true
    },
    "Sales Invoice": {
      "current": 0.1,
      "average": 0.06666666666666667,
      "values": [
        0.1,
        0.0,
        0.1,
        0.0,
        0.1,
        0.1
      ],
      "is_high": true
    }
  },
  "scenario": {
    "current": 0.15000000000000002,
    "average": 0.10833333333333334,
    "values": [
      0.15000000000000002,
      0.05,
      0.15000000000000002,
      0.1,
      0.1,
      0.1
    ],
    "is_high": true
  }
}

[INFO] Server: CRM-CARTZLINK | Domain: fa3.itserver.biz
==================================================
[PASS] Sales Order
[PASS] Sales Invoice

============================================================
COMPLETED DOMAIN: fa3.itserver.biz
============================================================

============================================================
STARTING DOMAIN: crm.tabrospharma.com (Server: CRM-TABROSPHARMA)
============================================================
[INFO] Running 2 feature files for domain 'crm.tabrospharma.com':
    E:\shayan\tests\features\crm.tabrospharma.com\AccV.feature
    E:\shayan\tests\features\crm.tabrospharma.com\SO.feature
[INFO] Domain = crm.tabrospharma.com
[INFO] Starting browser and logging in for domain: crm.tabrospharma.com
[INFO] Creating fresh browser instance for domain: crm.tabrospharma.com
[INFO] Attempt 1/3: Creating Chrome driver...
[PASS] Chrome driver created successfully on attempt 1
[INFO] Attempt 1/3: Opening https://crm.tabrospharma.com/admin/?r=user/user/login&_lang=en
[PASS] Page loaded successfully on attempt 1
[PASS] Opened URL: https://crm.tabrospharma.com/admin/?r=user/user/login&_lang=en
[INFO] Testing refresh function for dashboard elements...
[WARN] Page load taking longer than 30s, refreshing... (refresh 1/2)
[WARN] Page load taking longer than 30s, refreshing... (refresh 2/2)
[WARN] Refresh function failed, trying fallback method: Message: 
Stacktrace:
Symbols not available. Dumping unresolved backtrace:
	0x7ff6d3f8aa55
	0x7ff6d3ce8630
	0x7ff6d3a7d75d
	0x7ff6d3ad862e
	0x7ff6d3ad893c
	0x7ff6d3b28d87
	0x7ff6d3b2591c
	0x7ff6d3ac9098
	0x7ff6d3ac9f83
	0x7ff6d3fb7810
	0x7ff6d3fb1afd
	0x7ff6d3fd2c1a
	0x7ff6d3d03345
	0x7ff6d3d0b81c
	0x7ff6d3cf1924
	0x7ff6d3cf1ad6
	0x7ff6d3cd7e47
	0x7ffcf0467374
	0x7ffcf247cc91

[PASS] Login successful - dashboard loaded with fallback method
[INFO] Login completed. Page Load: 1.4s, Login: 208.6s
[INFO] Login successful for domain: crm.tabrospharma.com
[INFO] Starting feature: Add Account Voucher
Feature: Add Account Voucher # features/crm.tabrospharma.com/AccV.feature:4

  @critical
  Scenario: Visit Account Voucher Page and click on Edit btn  # features/crm.tabrospharma.com/AccV.feature:7
    Given we visit "accounts2"                                # features/steps/form_actions.py:36
    When we edit the top row                                  # features/steps/cartzlink_form.py:155
      Assertion Failed:  Edit button could not be clicked or did not open the form
      Captured stdout:
       Successfully loaded accounts2
      
      [Screenshot Saved] E:\shayan\tests\screenshots\we edit the top row_20260228_201837.png

[INFO] Completed feature: Add Account Voucher
DEBUG: context.domain = crm.tabrospharma.com
DEBUG: timing_summary = {'crm.tabrospharma.com': {'Server': 'CRM-TABROSPHARMA', 'Page Load': 1.4, 'Login': 208.6, 'Features': {'Add Account Voucher': {'Feature': None, 'Scenario Timings': [{'name': 'Visit Account Voucher Page and click on Edit btn', 'duration': 15.8, 'status': 'failed', 'failed_steps': []}], 'Failed Steps': []}}}}
PASS Feature: Add Account Voucher (15.8s)
[DEBUG] Writing timing summary for crm.tabrospharma.com to E:\shayan\tests\timing_results\crm.tabrospharma.com_timing.json

[INFO] Starting feature: Sales Order
Feature: Sales Order # features/crm.tabrospharma.com/SO.feature:4

  @critical
  Scenario: Visit Sales Order Page and click on Edit btn  # features/crm.tabrospharma.com/SO.feature:7
    Given we visit "orders/salesOrder"                    # features/steps/form_actions.py:36
    When we edit the top row                              # features/steps/cartzlink_form.py:155
      Assertion Failed:  Edit button could not be clicked or did not open the form
      Captured stdout:
       Successfully loaded orders/salesOrder
      
      [Screenshot Saved] E:\shayan\tests\screenshots\we edit the top row_20260228_201853.png

[INFO] Completed feature: Sales Order
DEBUG: context.domain = crm.tabrospharma.com
DEBUG: timing_summary = {'crm.tabrospharma.com': {'Server': 'CRM-TABROSPHARMA', 'Page Load': 1.4, 'Login': 208.6, 'Features': {'Add Account Voucher': {'Feature': 15.8, 'Scenario Timings': [{'name': 'Visit Account Voucher Page and click on Edit btn', 'duration': 15.8, 'status': 'failed', 'failed_steps': []}], 'Failed Steps': []}, 'Sales Order': {'Feature': None, 'Scenario Timings': [{'name': 'Visit Sales Order Page and click on Edit btn', 'duration': 15.9, 'status': 'failed', 'failed_steps': []}], 'Failed Steps': []}}}}
PASS Feature: Sales Order (15.9s)
[DEBUG] Writing timing summary for crm.tabrospharma.com to E:\shayan\tests\timing_results\crm.tabrospharma.com_timing.json

[INFO] Closing browser for domain: crm.tabrospharma.com
[INFO] Browser closed successfully for domain: crm.tabrospharma.com
[INFO] Browser instance cleared for domain: crm.tabrospharma.com
[SUMMARY] Timing for crm.tabrospharma.com:
{
  "page_load": {
    "current": 1.4,
    "average": 1.4666666666666668,
    "values": [
      1.4,
      1.3,
      1.7,
      1.4,
      1.5,
      1.5
    ],
    "is_high": false
  },
  "login": {
    "current": 208.6,
    "average": 210.4333333333333,
    "values": [
      208.6,
      209.0,
      208.9,
      208.8,
      218.7,
      208.6
    ],
    "is_high": false
  },
  "features": {
    "Add Account Voucher": {
      "current": 15.8,
      "average": 15.866666666666667,
      "values": [
        15.8,
        15.9,
        15.9,
        15.9,
        15.8,
        15.9
      ],
      "is_high": false
    },
    "Sales Order": {
      "current": 15.9,
      "average": 15.833333333333334,
      "values": [
        15.9,
        15.7,
        15.8,
        15.9,
        15.9,
        15.8
      ],
      "is_high": true
    }
  },
  "scenario": {
    "current": 15.850000000000001,
    "average": 15.850000000000001,
    "values": [
      15.850000000000001,
      15.8,
      15.850000000000001,
      15.9,
      15.850000000000001,
      15.850000000000001
    ],
    "is_high": false
  }
}

[INFO] Server: CRM-TABROSPHARMA | Domain: crm.tabrospharma.com
==================================================
[FAIL] Add Account Voucher
[FAIL] Sales Order

============================================================
COMPLETED DOMAIN: crm.tabrospharma.com
============================================================

============================================================
STARTING DOMAIN: fa2.itserver.biz (Server: FA2)
============================================================
[INFO] Running 2 feature files for domain 'fa2.itserver.biz':
    E:\shayan\tests\features\global\domain.feature
    E:\shayan\tests\features\global\domain2.feature
[INFO] Domain = fa2.itserver.biz
[INFO] Starting browser and logging in for domain: fa2.itserver.biz
[INFO] Creating fresh browser instance for domain: fa2.itserver.biz
[INFO] Attempt 1/3: Creating Chrome driver...
[PASS] Chrome driver created successfully on attempt 1
[INFO] Attempt 1/3: Opening https://fa2.itserver.biz/admin/?r=user/user/login&_lang=en
[PASS] Page loaded successfully on attempt 1
[PASS] Opened URL: https://fa2.itserver.biz/admin/?r=user/user/login&_lang=en
[INFO] Testing refresh function for dashboard elements...
[WARN] Page load taking longer than 30s, refreshing... (refresh 1/2)
[WARN] Page load taking longer than 30s, refreshing... (refresh 2/2)
[WARN] Refresh function failed, trying fallback method: Message: 
Stacktrace:
Symbols not available. Dumping unresolved backtrace:
	0x7ff6d3f8aa55
	0x7ff6d3ce8630
	0x7ff6d3a7d75d
	0x7ff6d3ad862e
	0x7ff6d3ad893c
	0x7ff6d3b28d87
	0x7ff6d3b2591c
	0x7ff6d3ac9098
	0x7ff6d3ac9f83
	0x7ff6d3fb7810
	0x7ff6d3fb1afd
	0x7ff6d3fd2c1a
	0x7ff6d3d03345
	0x7ff6d3d0b81c
	0x7ff6d3cf1924
	0x7ff6d3cf1ad6
	0x7ff6d3cd7e47
	0x7ffcf0467374
	0x7ffcf247cc91

[PASS] Login successful - dashboard loaded with fallback method
[INFO] Login completed. Page Load: 4.4s, Login: 191.2s
[INFO] Login successful for domain: fa2.itserver.biz
[INFO] Starting feature: Sales Order
Feature: Sales Order # features/global/domain.feature:3

  @critical
  Scenario: Sales order page           # features/global/domain.feature:6
    Given we visit "orders/salesOrder" # features/steps/form_actions.py:36
[INFO] Completed feature: Sales Order
DEBUG: context.domain = fa2.itserver.biz
DEBUG: timing_summary = {'fa2.itserver.biz': {'Server': 'FA2', 'Page Load': 4.4, 'Login': 191.2, 'Features': {'Sales Order': {'Feature': None, 'Scenario Timings': [{'name': 'Sales order page', 'duration': 0.7, 'status': 'passed', 'failed_steps': []}], 'Failed Steps': []}}}}
PASS Feature: Sales Order (0.7s)
[DEBUG] Writing timing summary for fa2.itserver.biz to E:\shayan\tests\timing_results\fa2.itserver.biz_timing.json

[INFO] Starting feature: Sales Invoice
Feature: Sales Invoice # features/global/domain2.feature:2

  @critical
  Scenario: Sales Invoice page           # features/global/domain2.feature:5
    Given we visit "orders/salesInvoice" # features/steps/form_actions.py:36
[INFO] Completed feature: Sales Invoice
DEBUG: context.domain = fa2.itserver.biz
DEBUG: timing_summary = {'fa2.itserver.biz': {'Server': 'FA2', 'Page Load': 4.4, 'Login': 191.2, 'Features': {'Sales Order': {'Feature': 0.7, 'Scenario Timings': [{'name': 'Sales order page', 'duration': 0.7, 'status': 'passed', 'failed_steps': []}], 'Failed Steps': []}, 'Sales Invoice': {'Feature': None, 'Scenario Timings': [{'name': 'Sales Invoice page', 'duration': 0.8, 'status': 'passed', 'failed_steps': []}], 'Failed Steps': []}}}}
PASS Feature: Sales Invoice (0.8s)
[DEBUG] Writing timing summary for fa2.itserver.biz to E:\shayan\tests\timing_results\fa2.itserver.biz_timing.json

[INFO] Closing browser for domain: fa2.itserver.biz
[INFO] Browser closed successfully for domain: fa2.itserver.biz
[INFO] Browser instance cleared for domain: fa2.itserver.biz
[SUMMARY] Timing for fa2.itserver.biz:
{
  "page_load": {
    "current": 4.4,
    "average": 4.266666666666667,
    "values": [
      4.4,
      4.3,
      4.1,
      4.2,
      4.4,
      4.2
    ],
    "is_high": true
  },
  "login": {
    "current": 191.2,
    "average": 191.71666666666667,
    "values": [
      191.2,
      190.8,
      192.9,
      191.9,
      191.1,
      192.4
    ],
    "is_high": false
  },
  "features": {
    "Sales Order": {
      "current": 0.7,
      "average": 0.7999999999999999,
      "values": [
        0.7,
        0.9,
        0.9,
        0.7,
        0.7,
        0.9
      ],
      "is_high": false
    },
    "Sales Invoice": {
      "current": 0.8,
      "average": 0.75,
      "values": [
        0.8,
        0.7,
        0.7,
        0.9,
        0.7,
        0.7
      ],
      "is_high": true
    }
  },
  "scenario": {
    "current": 0.75,
    "average": 0.775,
    "values": [
      0.75,
      0.8,
      0.8,
      0.8,
      0.7,
      0.8
    ],
    "is_high": false
  }
}

[INFO] Server: FA2 | Domain: fa2.itserver.biz
==================================================
[PASS] Sales Order
[PASS] Sales Invoice

============================================================
COMPLETED DOMAIN: fa2.itserver.biz
============================================================

============================================================
STARTING DOMAIN: fr.itserver.biz (Server: FST)
============================================================
[INFO] Running 2 feature files for domain 'fr.itserver.biz':
    E:\shayan\tests\features\global\domain.feature
    E:\shayan\tests\features\global\domain2.feature
[INFO] Domain = fr.itserver.biz
[INFO] Starting browser and logging in for domain: fr.itserver.biz
[INFO] Creating fresh browser instance for domain: fr.itserver.biz
[INFO] Attempt 1/3: Creating Chrome driver...
[PASS] Chrome driver created successfully on attempt 1
[INFO] Attempt 1/3: Opening https://fr.itserver.biz/admin/?r=user/user/login&_lang=en
[PASS] Page loaded successfully on attempt 1
[PASS] Opened URL: https://fr.itserver.biz/admin/?r=user/user/login&_lang=en
[INFO] Testing refresh function for dashboard elements...
[WARN] Page load taking longer than 30s, refreshing... (refresh 1/2)
[WARN] Page load taking longer than 30s, refreshing... (refresh 2/2)
[WARN] Refresh function failed, trying fallback method: Message: 
Stacktrace:
Symbols not available. Dumping unresolved backtrace:
	0x7ff6d3f8aa55
	0x7ff6d3ce8630
	0x7ff6d3a7d75d
	0x7ff6d3ad862e
	0x7ff6d3ad893c
	0x7ff6d3b28d87
	0x7ff6d3b2591c
	0x7ff6d3ac9098
	0x7ff6d3ac9f83
	0x7ff6d3fb7810
	0x7ff6d3fb1afd
	0x7ff6d3fd2c1a
	0x7ff6d3d03345
	0x7ff6d3d0b81c
	0x7ff6d3cf1924
	0x7ff6d3cf1ad6
	0x7ff6d3cd7e47
	0x7ffcf0467374
	0x7ffcf247cc91

[PASS] Login successful - dashboard loaded with fallback method
[INFO] Login completed. Page Load: 3.9s, Login: 191.3s
[INFO] Login successful for domain: fr.itserver.biz
[INFO] Starting feature: Sales Order
Feature: Sales Order # features/global/domain.feature:3

  @critical
  Scenario: Sales order page           # features/global/domain.feature:6
    Given we visit "orders/salesOrder" # features/steps/form_actions.py:36
[INFO] Completed feature: Sales Order
DEBUG: context.domain = fr.itserver.biz
DEBUG: timing_summary = {'fr.itserver.biz': {'Server': 'FST', 'Page Load': 3.9, 'Login': 191.3, 'Features': {'Sales Order': {'Feature': None, 'Scenario Timings': [{'name': 'Sales order page', 'duration': 1.0, 'status': 'passed', 'failed_steps': []}], 'Failed Steps': []}}}}
PASS Feature: Sales Order (1.0s)
[DEBUG] Writing timing summary for fr.itserver.biz to E:\shayan\tests\timing_results\fr.itserver.biz_timing.json

[INFO] Starting feature: Sales Invoice
Feature: Sales Invoice # features/global/domain2.feature:2

  @critical
  Scenario: Sales Invoice page           # features/global/domain2.feature:5
    Given we visit "orders/salesInvoice" # features/steps/form_actions.py:36
[INFO] Completed feature: Sales Invoice
DEBUG: context.domain = fr.itserver.biz
DEBUG: timing_summary = {'fr.itserver.biz': {'Server': 'FST', 'Page Load': 3.9, 'Login': 191.3, 'Features': {'Sales Order': {'Feature': 1.0, 'Scenario Timings': [{'name': 'Sales order page', 'duration': 1.0, 'status': 'passed', 'failed_steps': []}], 'Failed Steps': []}, 'Sales Invoice': {'Feature': None, 'Scenario Timings': [{'name': 'Sales Invoice page', 'duration': 0.5, 'status': 'passed', 'failed_steps': []}], 'Failed Steps': []}}}}
PASS Feature: Sales Invoice (0.5s)
[DEBUG] Writing timing summary for fr.itserver.biz to E:\shayan\tests\timing_results\fr.itserver.biz_timing.json

[INFO] Closing browser for domain: fr.itserver.biz
[INFO] Browser closed successfully for domain: fr.itserver.biz
[INFO] Browser instance cleared for domain: fr.itserver.biz
[SUMMARY] Timing for fr.itserver.biz:
{
  "page_load": {
    "current": 3.9,
    "average": 4.183333333333334,
    "values": [
      3.9,
      4.2,
      4.3,
      4.4,
      4.1,
      4.2
    ],
    "is_high": false
  },
  "login": {
    "current": 191.3,
    "average": 191.13333333333333,
    "values": [
      191.3,
      190.4,
      191.0,
      191.8,
      191.3,
      191.0
    ],
    "is_high": true
  },
  "features": {
    "Sales Order": {
      "current": 1.0,
      "average": 0.7833333333333333,
      "values": [
        1.0,
        0.5,
        0.7,
        0.6,
        1.2,
        0.7
      ],
      "is_high": true
    },
    "Sales Invoice": {
      "current": 0.5,
      "average": 0.6333333333333333,
      "values": [
        0.5,
        0.7,
        0.5,
        0.7,
        0.7,
        0.7
      ],
      "is_high": false
    }
  },
  "scenario": {
    "current": 0.75,
    "average": 0.7083333333333334,
    "values": [
      0.75,
      0.6,
      0.6,
      0.6499999999999999,
      0.95,
      0.7
    ],
    "is_high": true
  }
}

[INFO] Server: FST | Domain: fr.itserver.biz
==================================================
[PASS] Sales Order
[PASS] Sales Invoice

============================================================
COMPLETED DOMAIN: fr.itserver.biz
============================================================

============================================================
STARTING DOMAIN: franscent.itserver.biz (Server: FST)
============================================================
[INFO] Running 2 feature files for domain 'franscent.itserver.biz':
    E:\shayan\tests\features\global\domain.feature
    E:\shayan\tests\features\global\domain2.feature
[INFO] Domain = franscent.itserver.biz
[INFO] Starting browser and logging in for domain: franscent.itserver.biz
[INFO] Creating fresh browser instance for domain: franscent.itserver.biz
[INFO] Attempt 1/3: Creating Chrome driver...
[PASS] Chrome driver created successfully on attempt 1
[INFO] Attempt 1/3: Opening https://franscent.itserver.biz/admin/?r=user/user/login&_lang=en
[PASS] Page loaded successfully on attempt 1
[PASS] Opened URL: https://franscent.itserver.biz/admin/?r=user/user/login&_lang=en
[INFO] Testing refresh function for dashboard elements...
[WARN] Page load taking longer than 30s, refreshing... (refresh 1/2)
[WARN] Page load taking longer than 30s, refreshing... (refresh 2/2)
[WARN] Refresh function failed, trying fallback method: Message: 
Stacktrace:
Symbols not available. Dumping unresolved backtrace:
	0x7ff6d3f8aa55
	0x7ff6d3ce8630
	0x7ff6d3a7d75d
	0x7ff6d3ad862e
	0x7ff6d3ad893c
	0x7ff6d3b28d87
	0x7ff6d3b2591c
	0x7ff6d3ac9098
	0x7ff6d3ac9f83
	0x7ff6d3fb7810
	0x7ff6d3fb1afd
	0x7ff6d3fd2c1a
	0x7ff6d3d03345
	0x7ff6d3d0b81c
	0x7ff6d3cf1924
	0x7ff6d3cf1ad6
	0x7ff6d3cd7e47
	0x7ffcf0467374
	0x7ffcf247cc91

[PASS] Login successful - dashboard loaded with fallback method
[INFO] Login completed. Page Load: 7.0s, Login: 192.9s
[INFO] Login successful for domain: franscent.itserver.biz
[INFO] Starting feature: Sales Order
Feature: Sales Order # features/global/domain.feature:3

  @critical
  Scenario: Sales order page           # features/global/domain.feature:6
    Given we visit "orders/salesOrder" # features/steps/form_actions.py:36
[INFO] Completed feature: Sales Order
DEBUG: context.domain = franscent.itserver.biz
DEBUG: timing_summary = {'franscent.itserver.biz': {'Server': 'FST', 'Page Load': 7.0, 'Login': 192.9, 'Features': {'Sales Order': {'Feature': None, 'Scenario Timings': [{'name': 'Sales order page', 'duration': 1.6, 'status': 'passed', 'failed_steps': []}], 'Failed Steps': []}}}}
PASS Feature: Sales Order (1.6s)
[DEBUG] Writing timing summary for franscent.itserver.biz to E:\shayan\tests\timing_results\franscent.itserver.biz_timing.json

[INFO] Starting feature: Sales Invoice
Feature: Sales Invoice # features/global/domain2.feature:2

  @critical
  Scenario: Sales Invoice page           # features/global/domain2.feature:5
    Given we visit "orders/salesInvoice" # features/steps/form_actions.py:36
[INFO] Completed feature: Sales Invoice
DEBUG: context.domain = franscent.itserver.biz
DEBUG: timing_summary = {'franscent.itserver.biz': {'Server': 'FST', 'Page Load': 7.0, 'Login': 192.9, 'Features': {'Sales Order': {'Feature': 1.6, 'Scenario Timings': [{'name': 'Sales order page', 'duration': 1.6, 'status': 'passed', 'failed_steps': []}], 'Failed Steps': []}, 'Sales Invoice': {'Feature': None, 'Scenario Timings': [{'name': 'Sales Invoice page', 'duration': 48.2, 'status': 'passed', 'failed_steps': []}], 'Failed Steps': []}}}}
PASS Feature: Sales Invoice (48.2s)
[DEBUG] Writing timing summary for franscent.itserver.biz to E:\shayan\tests\timing_results\franscent.itserver.biz_timing.json

[INFO] Closing browser for domain: franscent.itserver.biz
[INFO] Browser closed successfully for domain: franscent.itserver.biz
[INFO] Browser instance cleared for domain: franscent.itserver.biz
[SUMMARY] Timing for franscent.itserver.biz:
{
  "page_load": {
    "current": 7.0,
    "average": 23.53333333333333,
    "values": [
      7.0,
      3.9,
      12.3,
      99.5,
      3.3,
      15.2
    ],
    "is_high": false
  },
  "login": {
    "current": 192.9,
    "average": 193.6,
    "values": [
      192.9,
      192.2,
      196.5,
      193.4,
      192.4,
      194.2
    ],
    "is_high": false
  },
  "features": {
    "Sales Order": {
      "current": 1.6,
      "average": 1.6166666666666665,
      "values": [
        1.6,
        1.1,
        1.8,
        2.1,
        1.4,
        1.7
      ],
      "is_high": false
    },
    "Sales Invoice": {
      "current": 48.2,
      "average": 9.233333333333334,
      "values": [
        48.2,
        1.0,
        1.5,
        1.5,
        1.6,
        1.6
      ],
      "is_high": true
    }
  },
  "scenario": {
    "current": 24.900000000000002,
    "average": 5.425000000000001,
    "values": [
      24.900000000000002,
      1.05,
      1.65,
      1.8,
      1.5,
      1.65
    ],
    "is_high": true
  }
}

[INFO] Server: FST | Domain: franscent.itserver.biz
==================================================
[PASS] Sales Order
[PASS] Sales Invoice

============================================================
COMPLETED DOMAIN: franscent.itserver.biz
============================================================

============================================================
STARTING DOMAIN: mac.itserver.biz (Server: METRO)
============================================================
[INFO] Running 2 feature files for domain 'mac.itserver.biz':
    E:\shayan\tests\features\global\domain.feature
    E:\shayan\tests\features\global\domain2.feature
[INFO] Domain = mac.itserver.biz
[INFO] Starting browser and logging in for domain: mac.itserver.biz
[INFO] Creating fresh browser instance for domain: mac.itserver.biz
[INFO] Attempt 1/3: Creating Chrome driver...
[PASS] Chrome driver created successfully on attempt 1
[INFO] Attempt 1/3: Opening https://mac.itserver.biz/admin/?r=user/user/login&_lang=en
[PASS] Page loaded successfully on attempt 1
[PASS] Opened URL: https://mac.itserver.biz/admin/?r=user/user/login&_lang=en
[INFO] Testing refresh function for dashboard elements...
[WARN] Page load taking longer than 30s, refreshing... (refresh 1/2)
[WARN] Page load taking longer than 30s, refreshing... (refresh 2/2)
[WARN] Refresh function failed, trying fallback method: Message: 
Stacktrace:
Symbols not available. Dumping unresolved backtrace:
	0x7ff6d3f8aa55
	0x7ff6d3ce8630
	0x7ff6d3a7d75d
	0x7ff6d3ad862e
	0x7ff6d3ad893c
	0x7ff6d3b28d87
	0x7ff6d3b2591c
	0x7ff6d3ac9098
	0x7ff6d3ac9f83
	0x7ff6d3fb7810
	0x7ff6d3fb1afd
	0x7ff6d3fd2c1a
	0x7ff6d3d03345
	0x7ff6d3d0b81c
	0x7ff6d3cf1924
	0x7ff6d3cf1ad6
	0x7ff6d3cd7e47
	0x7ffcf0467374
	0x7ffcf247cc91

[PASS] Login successful - dashboard loaded with fallback method
[INFO] Login completed. Page Load: 11.4s, Login: 191.9s
[INFO] Login successful for domain: mac.itserver.biz
[INFO] Starting feature: Sales Order
Feature: Sales Order # features/global/domain.feature:3

  @critical
  Scenario: Sales order page           # features/global/domain.feature:6
    Given we visit "orders/salesOrder" # features/steps/form_actions.py:36
[INFO] Completed feature: Sales Order
DEBUG: context.domain = mac.itserver.biz
DEBUG: timing_summary = {'mac.itserver.biz': {'Server': 'METRO', 'Page Load': 11.4, 'Login': 191.9, 'Features': {'Sales Order': {'Feature': None, 'Scenario Timings': [{'name': 'Sales order page', 'duration': 1.0, 'status': 'passed', 'failed_steps': []}], 'Failed Steps': []}}}}
PASS Feature: Sales Order (1.0s)
[DEBUG] Writing timing summary for mac.itserver.biz to E:\shayan\tests\timing_results\mac.itserver.biz_timing.json

[INFO] Starting feature: Sales Invoice
Feature: Sales Invoice # features/global/domain2.feature:2

  @critical
  Scenario: Sales Invoice page           # features/global/domain2.feature:5
    Given we visit "orders/salesInvoice" # features/steps/form_actions.py:36
[INFO] Completed feature: Sales Invoice
DEBUG: context.domain = mac.itserver.biz
DEBUG: timing_summary = {'mac.itserver.biz': {'Server': 'METRO', 'Page Load': 11.4, 'Login': 191.9, 'Features': {'Sales Order': {'Feature': 1.0, 'Scenario Timings': [{'name': 'Sales order page', 'duration': 1.0, 'status': 'passed', 'failed_steps': []}], 'Failed Steps': []}, 'Sales Invoice': {'Feature': None, 'Scenario Timings': [{'name': 'Sales Invoice page', 'duration': 0.9, 'status': 'passed', 'failed_steps': []}], 'Failed Steps': []}}}}
PASS Feature: Sales Invoice (0.9s)
[DEBUG] Writing timing summary for mac.itserver.biz to E:\shayan\tests\timing_results\mac.itserver.biz_timing.json

[INFO] Closing browser for domain: mac.itserver.biz
[INFO] Browser closed successfully for domain: mac.itserver.biz
[INFO] Browser instance cleared for domain: mac.itserver.biz
[SUMMARY] Timing for mac.itserver.biz:
{
  "page_load": {
    "current": 11.4,
    "average": 65.60000000000001,
    "values": [
      11.4,
      6.3,
      4.9,
      347.6,
      3.2,
      20.2
    ],
    "is_high": false
  },
  "login": {
    "current": 191.9,
    "average": 192.83333333333334,
    "values": [
      191.9,
      192.0,
      192.1,
      194.5,
      193.9,
      192.6
    ],
    "is_high": false
  },
  "features": {
    "Sales Order": {
      "current": 1.0,
      "average": 1.3,
      "values": [
        1.0,
        1.2,
        1.5,
        1.4,
        1.2,
        1.5
      ],
      "is_high": false
    },
    "Sales Invoice": {
      "current": 0.9,
      "average": 1.2333333333333334,
      "values": [
        0.9,
        1.3,
        1.3,
        1.5,
        1.1,
        1.3
      ],
      "is_high": false
    }
  },
  "scenario": {
    "current": 0.95,
    "average": 1.2666666666666666,
    "values": [
      0.95,
      1.25,
      1.4,
      1.45,
      1.15,
      1.4
    ],
    "is_high": false
  }
}

[INFO] Server: METRO | Domain: mac.itserver.biz
==================================================
[PASS] Sales Order
[PASS] Sales Invoice

============================================================
COMPLETED DOMAIN: mac.itserver.biz
============================================================

============================================================
STARTING DOMAIN: mac1920.itserver.biz (Server: METRO)
============================================================
[INFO] Running 2 feature files for domain 'mac1920.itserver.biz':
    E:\shayan\tests\features\global\domain.feature
    E:\shayan\tests\features\global\domain2.feature
[INFO] Domain = mac1920.itserver.biz
[INFO] Starting browser and logging in for domain: mac1920.itserver.biz
[INFO] Creating fresh browser instance for domain: mac1920.itserver.biz
[INFO] Attempt 1/3: Creating Chrome driver...
[PASS] Chrome driver created successfully on attempt 1
[INFO] Attempt 1/3: Opening https://mac1920.itserver.biz/admin/?r=user/user/login&_lang=en
[PASS] Page loaded successfully on attempt 1
[PASS] Opened URL: https://mac1920.itserver.biz/admin/?r=user/user/login&_lang=en
[INFO] Testing refresh function for dashboard elements...
[WARN] Page load taking longer than 30s, refreshing... (refresh 1/2)
[WARN] Page load taking longer than 30s, refreshing... (refresh 2/2)
[WARN] Refresh function failed, trying fallback method: Message: 
Stacktrace:
Symbols not available. Dumping unresolved backtrace:
	0x7ff6d3f8aa55
	0x7ff6d3ce8630
	0x7ff6d3a7d75d
	0x7ff6d3ad862e
	0x7ff6d3ad893c
	0x7ff6d3b28d87
	0x7ff6d3b2591c
	0x7ff6d3ac9098
	0x7ff6d3ac9f83
	0x7ff6d3fb7810
	0x7ff6d3fb1afd
	0x7ff6d3fd2c1a
	0x7ff6d3d03345
	0x7ff6d3d0b81c
	0x7ff6d3cf1924
	0x7ff6d3cf1ad6
	0x7ff6d3cd7e47
	0x7ffcf0467374
	0x7ffcf247cc91

[PASS] Login successful - dashboard loaded with fallback method
[INFO] Login completed. Page Load: 11.1s, Login: 191.5s
[INFO] Login successful for domain: mac1920.itserver.biz
[INFO] Starting feature: Sales Order
Feature: Sales Order # features/global/domain.feature:3

  @critical
  Scenario: Sales order page           # features/global/domain.feature:6
    Given we visit "orders/salesOrder" # features/steps/form_actions.py:36
[INFO] Completed feature: Sales Order
DEBUG: context.domain = mac1920.itserver.biz
DEBUG: timing_summary = {'mac1920.itserver.biz': {'Server': 'METRO', 'Page Load': 11.1, 'Login': 191.5, 'Features': {'Sales Order': {'Feature': None, 'Scenario Timings': [{'name': 'Sales order page', 'duration': 1.2, 'status': 'passed', 'failed_steps': []}], 'Failed Steps': []}}}}
PASS Feature: Sales Order (1.2s)
[DEBUG] Writing timing summary for mac1920.itserver.biz to E:\shayan\tests\timing_results\mac1920.itserver.biz_timing.json

[INFO] Starting feature: Sales Invoice
Feature: Sales Invoice # features/global/domain2.feature:2

  @critical
  Scenario: Sales Invoice page           # features/global/domain2.feature:5
    Given we visit "orders/salesInvoice" # features/steps/form_actions.py:36
[INFO] Completed feature: Sales Invoice
DEBUG: context.domain = mac1920.itserver.biz
DEBUG: timing_summary = {'mac1920.itserver.biz': {'Server': 'METRO', 'Page Load': 11.1, 'Login': 191.5, 'Features': {'Sales Order': {'Feature': 1.2, 'Scenario Timings': [{'name': 'Sales order page', 'duration': 1.2, 'status': 'passed', 'failed_steps': []}], 'Failed Steps': []}, 'Sales Invoice': {'Feature': None, 'Scenario Timings': [{'name': 'Sales Invoice page', 'duration': 1.3, 'status': 'passed', 'failed_steps': []}], 'Failed Steps': []}}}}
PASS Feature: Sales Invoice (1.3s)
[DEBUG] Writing timing summary for mac1920.itserver.biz to E:\shayan\tests\timing_results\mac1920.itserver.biz_timing.json

[INFO] Closing browser for domain: mac1920.itserver.biz
[INFO] Browser closed successfully for domain: mac1920.itserver.biz
[INFO] Browser instance cleared for domain: mac1920.itserver.biz
[SUMMARY] Timing for mac1920.itserver.biz:
{
  "page_load": {
    "current": 11.1,
    "average": 6.95,
    "values": [
      11.1,
      10.8,
      8.3,
      4.6,
      2.9,
      4.0
    ],
    "is_high": true
  },
  "login": {
    "current": 191.5,
    "average": 193.9333333333333,
    "values": [
      191.5,
      199.0,
      191.6,
      194.2,
      193.2,
      194.1
    ],
    "is_high": false
  },
  "features": {
    "Sales Order": {
      "current": 1.2,
      "average": 2.5500000000000003,
      "values": [
        1.2,
        3.5,
        1.5,
        6.4,
        1.4,
        1.3
      ],
      "is_high": false
    },
    "Sales Invoice": {
      "current": 1.3,
      "average": 2.2666666666666666,
      "values": [
        1.3,
        2.3,
        1.3,
        6.2,
        1.2,
        1.3
      ],
      "is_high": false
    }
  },
  "scenario": {
    "current": 1.25,
    "average": 2.4083333333333337,
    "values": [
      1.25,
      2.9,
      1.4,
      6.300000000000001,
      1.2999999999999998,
      1.3
    ],
    "is_high": false
  }
}

[INFO] Server: METRO | Domain: mac1920.itserver.biz
==================================================
[PASS] Sales Order
[PASS] Sales Invoice

============================================================
COMPLETED DOMAIN: mac1920.itserver.biz
============================================================

============================================================
STARTING DOMAIN: cam.itserver.biz (Server: METRO-CAM)
============================================================
[INFO] Running 4 feature files for domain 'cam.itserver.biz':
    E:\shayan\tests\features\cam.itserver.biz\AccV.feature
    E:\shayan\tests\features\cam.itserver.biz\GP.feature
    E:\shayan\tests\features\cam.itserver.biz\PI.feature
    E:\shayan\tests\features\cam.itserver.biz\SO.feature
[INFO] Domain = cam.itserver.biz
[INFO] Starting browser and logging in for domain: cam.itserver.biz
[INFO] Creating fresh browser instance for domain: cam.itserver.biz
[INFO] Attempt 1/3: Creating Chrome driver...
[PASS] Chrome driver created successfully on attempt 1
[INFO] Attempt 1/3: Opening https://cam.itserver.biz/admin/?r=user/user/login&_lang=en
[PASS] Page loaded successfully on attempt 1
[PASS] Opened URL: https://cam.itserver.biz/admin/?r=user/user/login&_lang=en
[INFO] Testing refresh function for dashboard elements...
[WARN] Page load taking longer than 30s, refreshing... (refresh 1/2)
[WARN] Page load taking longer than 30s, refreshing... (refresh 2/2)
[WARN] Refresh function failed, trying fallback method: Message: 
Stacktrace:
Symbols not available. Dumping unresolved backtrace:
	0x7ff6d3f8aa55
	0x7ff6d3ce8630
	0x7ff6d3a7d75d
	0x7ff6d3ad862e
	0x7ff6d3ad893c
	0x7ff6d3b28d87
	0x7ff6d3b2591c
	0x7ff6d3ac9098
	0x7ff6d3ac9f83
	0x7ff6d3fb7810
	0x7ff6d3fb1afd
	0x7ff6d3fd2c1a
	0x7ff6d3d03345
	0x7ff6d3d0b81c
	0x7ff6d3cf1924
	0x7ff6d3cf1ad6
	0x7ff6d3cd7e47
	0x7ffcf0467374
	0x7ffcf247cc91

[PASS] Login successful - dashboard loaded with fallback method
[INFO] Login completed. Page Load: 4.1s, Login: 191.1s
[INFO] Login successful for domain: cam.itserver.biz
[INFO] Starting feature: Add Account Voucher
Feature: Add Account Voucher # features/cam.itserver.biz/AccV.feature:4

  @critical
  Scenario: Visit Account Voucher Page and click on Edit btn  # features/cam.itserver.biz/AccV.feature:7
    Given we visit "accounts2"                                # features/steps/form_actions.py:36
    When we edit the top row                                  # features/steps/cartzlink_form.py:155
      Assertion Failed:  Edit button could not be clicked or did not open the form
      Captured stdout:
       Successfully loaded accounts2
      
      [Screenshot Saved] E:\shayan\tests\screenshots\we edit the top row_20260228_204110.png

[INFO] Completed feature: Add Account Voucher
DEBUG: context.domain = cam.itserver.biz
DEBUG: timing_summary = {'cam.itserver.biz': {'Server': 'METRO-CAM', 'Page Load': 4.1, 'Login': 191.1, 'Features': {'Add Account Voucher': {'Feature': None, 'Scenario Timings': [{'name': 'Visit Account Voucher Page and click on Edit btn', 'duration': 16.4, 'status': 'failed', 'failed_steps': []}], 'Failed Steps': []}}}}
PASS Feature: Add Account Voucher (16.4s)
[DEBUG] Writing timing summary for cam.itserver.biz to E:\shayan\tests\timing_results\cam.itserver.biz_timing.json

[INFO] Starting feature: Gatepass
Feature: Gatepass # features/cam.itserver.biz/GP.feature:1

  @critical
  Scenario: Visit Gate pass Page and click on Edit btn  # features/cam.itserver.biz/GP.feature:4
    Given we visit "orders/deliveryChallanCAM"          # features/steps/form_actions.py:36
    When we edit the top row                            # features/steps/cartzlink_form.py:155
      Assertion Failed:  Edit button could not be clicked or did not open the form
      Captured stdout:
       Successfully loaded orders/deliveryChallanCAM
      
      [Screenshot Saved] E:\shayan\tests\screenshots\we edit the top row_20260228_204126.png

[INFO] Completed feature: Gatepass
DEBUG: context.domain = cam.itserver.biz
DEBUG: timing_summary = {'cam.itserver.biz': {'Server': 'METRO-CAM', 'Page Load': 4.1, 'Login': 191.1, 'Features': {'Add Account Voucher': {'Feature': 16.4, 'Scenario Timings': [{'name': 'Visit Account Voucher Page and click on Edit btn', 'duration': 16.4, 'status': 'failed', 'failed_steps': []}], 'Failed Steps': []}, 'Gatepass': {'Feature': None, 'Scenario Timings': [{'name': 'Visit Gate pass Page and click on Edit btn', 'duration': 16.4, 'status': 'failed', 'failed_steps': []}], 'Failed Steps': []}}}}
PASS Feature: Gatepass (16.4s)
[DEBUG] Writing timing summary for cam.itserver.biz to E:\shayan\tests\timing_results\cam.itserver.biz_timing.json

[INFO] Starting feature: Purchase Invoice
Feature: Purchase Invoice # features/cam.itserver.biz/PI.feature:3

  @critical
  Scenario: Visit Purchase invoice Page and click on Edit btn  # features/cam.itserver.biz/PI.feature:6
    Given we visit "orders/purchaseInvoice"                    # features/steps/form_actions.py:36
    When we edit the top row                                   # features/steps/cartzlink_form.py:155
      Assertion Failed:  Edit button could not be clicked or did not open the form
      Captured stdout:
       Successfully loaded orders/purchaseInvoice
      
      [Screenshot Saved] E:\shayan\tests\screenshots\we edit the top row_20260228_204143.png

[INFO] Completed feature: Purchase Invoice
DEBUG: context.domain = cam.itserver.biz
DEBUG: timing_summary = {'cam.itserver.biz': {'Server': 'METRO-CAM', 'Page Load': 4.1, 'Login': 191.1, 'Features': {'Add Account Voucher': {'Feature': 16.4, 'Scenario Timings': [{'name': 'Visit Account Voucher Page and click on Edit btn', 'duration': 16.4, 'status': 'failed', 'failed_steps': []}], 'Failed Steps': []}, 'Gatepass': {'Feature': 16.4, 'Scenario Timings': [{'name': 'Visit Gate pass Page and click on Edit btn', 'duration': 16.4, 'status': 'failed', 'failed_steps': []}], 'Failed Steps': []}, 'Purchase Invoice': {'Feature': None, 'Scenario Timings': [{'name': 'Visit Purchase invoice Page and click on Edit btn', 'duration': 16.5, 'status': 'failed', 'failed_steps': []}], 'Failed Steps': []}}}}
PASS Feature: Purchase Invoice (16.5s)
[DEBUG] Writing timing summary for cam.itserver.biz to E:\shayan\tests\timing_results\cam.itserver.biz_timing.json

[INFO] Starting feature: Production Order FSTUser
Feature: Production Order FSTUser # features/cam.itserver.biz/SO.feature:4

  @critical
  Scenario: Visit Production order page and click on Edit btn  # features/cam.itserver.biz/SO.feature:7
    Given we visit "orders/SalesOrderFSTUser"                  # features/steps/form_actions.py:36
    When we edit the top row                                   # features/steps/cartzlink_form.py:155
      Assertion Failed:  Edit button could not be clicked or did not open the form
      Captured stdout:
       Successfully loaded orders/SalesOrderFSTUser
      
      [Screenshot Saved] E:\shayan\tests\screenshots\we edit the top row_20260228_204159.png

[INFO] Completed feature: Production Order FSTUser
DEBUG: context.domain = cam.itserver.biz
DEBUG: timing_summary = {'cam.itserver.biz': {'Server': 'METRO-CAM', 'Page Load': 4.1, 'Login': 191.1, 'Features': {'Add Account Voucher': {'Feature': 16.4, 'Scenario Timings': [{'name': 'Visit Account Voucher Page and click on Edit btn', 'duration': 16.4, 'status': 'failed', 'failed_steps': []}], 'Failed Steps': []}, 'Gatepass': {'Feature': 16.4, 'Scenario Timings': [{'name': 'Visit Gate pass Page and click on Edit btn', 'duration': 16.4, 'status': 'failed', 'failed_steps': []}], 'Failed Steps': []}, 'Purchase Invoice': {'Feature': 16.5, 'Scenario Timings': [{'name': 'Visit Purchase invoice Page and click on Edit btn', 'duration': 16.5, 'status': 'failed', 'failed_steps': []}], 'Failed Steps': []}, 'Production Order FSTUser': {'Feature': None, 'Scenario Timings': [{'name': 'Visit Production order page and click on Edit btn', 'duration': 16.5, 'status': 'failed', 'failed_steps': []}], 'Failed Steps': []}}}}
PASS Feature: Production Order FSTUser (16.5s)
[DEBUG] Writing timing summary for cam.itserver.biz to E:\shayan\tests\timing_results\cam.itserver.biz_timing.json

[INFO] Closing browser for domain: cam.itserver.biz
[INFO] Browser closed successfully for domain: cam.itserver.biz
[INFO] Browser instance cleared for domain: cam.itserver.biz
[SUMMARY] Timing for cam.itserver.biz:
{
  "page_load": {
    "current": 4.1,
    "average": 4.066666666666666,
    "values": [
      4.1,
      4.1,
      3.8,
      3.7,
      4.5,
      4.2
    ],
    "is_high": true
  },
  "login": {
    "current": 191.1,
    "average": 191.03333333333333,
    "values": [
      191.1,
      190.6,
      190.5,
      191.1,
      190.6,
      192.3
    ],
    "is_high": true
  },
  "features": {
    "Add Account Voucher": {
      "current": 16.4,
      "average": 16.416666666666668,
      "values": [
        16.4,
        16.4,
        16.5,
        16.4,
        16.4,
        16.4
      ],
      "is_high": false
    },
    "Gatepass": {
      "current": 16.4,
      "average": 16.416666666666668,
      "values": [
        16.4,
        16.4,
        16.4,
        16.4,
        16.4,
        16.5
      ],
      "is_high": false
    },
    "Purchase Invoice": {
      "current": 16.5,
      "average": 16.483333333333334,
      "values": [
        16.5,
        16.4,
        16.5,
        16.4,
        16.6,
        16.5
      ],
      "is_high": true
    },
    "Production Order FSTUser": {
      "current": 16.5,
      "average": 16.433333333333334,
      "values": [
        16.5,
        16.4,
        16.4,
        16.4,
        16.5,
        16.4
      ],
      "is_high": true
    }
  },
  "scenario": {
    "current": 16.45,
    "average": 16.4375,
    "values": [
      16.45,
      16.4,
      16.45,
      16.4,
      16.475,
      16.45
    ],
    "is_high": true
  }
}

[INFO] Server: METRO-CAM | Domain: cam.itserver.biz
==================================================
[FAIL] Add Account Voucher
[FAIL] Gatepass
[FAIL] Purchase Invoice
[FAIL] Production Order FSTUser

============================================================
COMPLETED DOMAIN: cam.itserver.biz
============================================================

============================================================
STARTING DOMAIN: mhp.itserver.biz (Server: MHP)
============================================================
[INFO] Running 2 feature files for domain 'mhp.itserver.biz':
    E:\shayan\tests\features\mhp.itserver.biz\AccV.feature
    E:\shayan\tests\features\mhp.itserver.biz\SO.feature
[INFO] Domain = mhp.itserver.biz
[INFO] Starting browser and logging in for domain: mhp.itserver.biz
[INFO] Creating fresh browser instance for domain: mhp.itserver.biz
[INFO] Attempt 1/3: Creating Chrome driver...
[PASS] Chrome driver created successfully on attempt 1
[INFO] Attempt 1/3: Opening https://mhp.itserver.biz/admin/?r=user/user/login&_lang=en
[PASS] Page loaded successfully on attempt 1
[PASS] Opened URL: https://mhp.itserver.biz/admin/?r=user/user/login&_lang=en
[INFO] Testing refresh function for dashboard elements...
[WARN] Page load taking longer than 30s, refreshing... (refresh 1/2)
[WARN] Page load taking longer than 30s, refreshing... (refresh 2/2)
[WARN] Refresh function failed, trying fallback method: Message: 
Stacktrace:
Symbols not available. Dumping unresolved backtrace:
	0x7ff6d3f8aa55
	0x7ff6d3ce8630
	0x7ff6d3a7d75d
	0x7ff6d3ad862e
	0x7ff6d3ad893c
	0x7ff6d3b28d87
	0x7ff6d3b2591c
	0x7ff6d3ac9098
	0x7ff6d3ac9f83
	0x7ff6d3fb7810
	0x7ff6d3fb1afd
	0x7ff6d3fd2c1a
	0x7ff6d3d03345
	0x7ff6d3d0b81c
	0x7ff6d3cf1924
	0x7ff6d3cf1ad6
	0x7ff6d3cd7e47
	0x7ffcf0467374
	0x7ffcf247cc91

[PASS] Login successful - dashboard loaded with fallback method
[INFO] Login completed. Page Load: 1.5s, Login: 193.2s
[INFO] Login successful for domain: mhp.itserver.biz
[INFO] Starting feature: Add Account Voucher
Feature: Add Account Voucher # features/mhp.itserver.biz/AccV.feature:4

  @critical
  Scenario: Visit Account Voucher Page and click on Edit btn  # features/mhp.itserver.biz/AccV.feature:7
    Given we visit "accounts2"                                # features/steps/form_actions.py:36
    When we edit the top row                                  # features/steps/cartzlink_form.py:155
      Assertion Failed:  Edit button could not be clicked or did not open the form
      Captured stdout:
       Successfully loaded accounts2
      
      [Screenshot Saved] E:\shayan\tests\screenshots\we edit the top row_20260228_204537.png

[INFO] Completed feature: Add Account Voucher
DEBUG: context.domain = mhp.itserver.biz
DEBUG: timing_summary = {'mhp.itserver.biz': {'Server': 'MHP', 'Page Load': 1.5, 'Login': 193.2, 'Features': {'Add Account Voucher': {'Feature': None, 'Scenario Timings': [{'name': 'Visit Account Voucher Page and click on Edit btn', 'duration': 15.9, 'status': 'failed', 'failed_steps': []}], 'Failed Steps': []}}}}
PASS Feature: Add Account Voucher (15.9s)
[DEBUG] Writing timing summary for mhp.itserver.biz to E:\shayan\tests\timing_results\mhp.itserver.biz_timing.json

[INFO] Starting feature: Sales Order
Feature: Sales Order # features/mhp.itserver.biz/SO.feature:4

  @critical
  Scenario: Visit Sales order page     # features/mhp.itserver.biz/SO.feature:7
    Given we visit "orders/salesOrder" # features/steps/form_actions.py:36
    When we edit the top row           # features/steps/cartzlink_form.py:155
      Assertion Failed:  Edit button could not be clicked or did not open the form
      Captured stdout:
       Successfully loaded orders/salesOrder
      
      [Screenshot Saved] E:\shayan\tests\screenshots\we edit the top row_20260228_204553.png

[INFO] Completed feature: Sales Order
DEBUG: context.domain = mhp.itserver.biz
DEBUG: timing_summary = {'mhp.itserver.biz': {'Server': 'MHP', 'Page Load': 1.5, 'Login': 193.2, 'Features': {'Add Account Voucher': {'Feature': 15.9, 'Scenario Timings': [{'name': 'Visit Account Voucher Page and click on Edit btn', 'duration': 15.9, 'status': 'failed', 'failed_steps': []}], 'Failed Steps': []}, 'Sales Order': {'Feature': None, 'Scenario Timings': [{'name': 'Visit Sales order page', 'duration': 15.9, 'status': 'failed', 'failed_steps': []}], 'Failed Steps': []}}}}
PASS Feature: Sales Order (15.9s)
[DEBUG] Writing timing summary for mhp.itserver.biz to E:\shayan\tests\timing_results\mhp.itserver.biz_timing.json

[INFO] Closing browser for domain: mhp.itserver.biz
[INFO] Browser closed successfully for domain: mhp.itserver.biz
[INFO] Browser instance cleared for domain: mhp.itserver.biz
[SUMMARY] Timing for mhp.itserver.biz:
{
  "page_load": {
    "current": 1.5,
    "average": 1.4666666666666668,
    "values": [
      1.5,
      1.4,
      1.4,
      1.4,
      1.5,
      1.6
    ],
    "is_high": true
  },
  "login": {
    "current": 193.2,
    "average": 193.25,
    "values": [
      193.2,
      192.8,
      192.6,
      193.6,
      192.7,
      194.6
    ],
    "is_high": false
  },
  "features": {
    "Add Account Voucher": {
      "current": 15.9,
      "average": 16.0,
      "values": [
        15.9,
        16.2,
        16.0,
        16.0,
        15.9,
        16.0
      ],
      "is_high": false
    },
    "Sales Order": {
      "current": 15.9,
      "average": 15.916666666666666,
      "values": [
        15.9,
        15.9,
        15.9,
        15.9,
        16.0,
        15.9
      ],
      "is_high": false
    }
  },
  "scenario": {
    "current": 15.9,
    "average": 15.958333333333334,
    "values": [
      15.9,
      16.05,
      15.95,
      15.95,
      15.95,
      15.95
    ],
    "is_high": false
  }
}

[INFO] Server: MHP | Domain: mhp.itserver.biz
==================================================
[FAIL] Add Account Voucher
[FAIL] Sales Order

============================================================
COMPLETED DOMAIN: mhp.itserver.biz
============================================================

============================================================
STARTING DOMAIN: mhptax.itserver.biz (Server: MHP)
============================================================
[INFO] Running 2 feature files for domain 'mhptax.itserver.biz':
    E:\shayan\tests\features\global\domain.feature
    E:\shayan\tests\features\global\domain2.feature
[INFO] Domain = mhptax.itserver.biz
[INFO] Starting browser and logging in for domain: mhptax.itserver.biz
[INFO] Creating fresh browser instance for domain: mhptax.itserver.biz
[INFO] Attempt 1/3: Creating Chrome driver...
[PASS] Chrome driver created successfully on attempt 1
[INFO] Attempt 1/3: Opening https://mhptax.itserver.biz/admin/?r=user/user/login&_lang=en
[PASS] Page loaded successfully on attempt 1
[PASS] Opened URL: https://mhptax.itserver.biz/admin/?r=user/user/login&_lang=en
[INFO] Testing refresh function for dashboard elements...
[WARN] Page load taking longer than 30s, refreshing... (refresh 1/2)
[WARN] Page load taking longer than 30s, refreshing... (refresh 2/2)
[WARN] Refresh function failed, trying fallback method: Message: 
Stacktrace:
Symbols not available. Dumping unresolved backtrace:
	0x7ff6d3f8aa55
	0x7ff6d3ce8630
	0x7ff6d3a7d75d
	0x7ff6d3ad862e
	0x7ff6d3ad893c
	0x7ff6d3b28d87
	0x7ff6d3b2591c
	0x7ff6d3ac9098
	0x7ff6d3ac9f83
	0x7ff6d3fb7810
	0x7ff6d3fb1afd
	0x7ff6d3fd2c1a
	0x7ff6d3d03345
	0x7ff6d3d0b81c
	0x7ff6d3cf1924
	0x7ff6d3cf1ad6
	0x7ff6d3cd7e47
	0x7ffcf0467374
	0x7ffcf247cc91

[PASS] Login successful - dashboard loaded with fallback method
[INFO] Login completed. Page Load: 1.4s, Login: 195.0s
[INFO] Login successful for domain: mhptax.itserver.biz
[INFO] Starting feature: Sales Order
Feature: Sales Order # features/global/domain.feature:3

  @critical
  Scenario: Sales order page           # features/global/domain.feature:6
    Given we visit "orders/salesOrder" # features/steps/form_actions.py:36
[INFO] Completed feature: Sales Order
DEBUG: context.domain = mhptax.itserver.biz
DEBUG: timing_summary = {'mhptax.itserver.biz': {'Server': 'MHP', 'Page Load': 1.4, 'Login': 195.0, 'Features': {'Sales Order': {'Feature': None, 'Scenario Timings': [{'name': 'Sales order page', 'duration': 0.3, 'status': 'passed', 'failed_steps': []}], 'Failed Steps': []}}}}
PASS Feature: Sales Order (0.3s)
[DEBUG] Writing timing summary for mhptax.itserver.biz to E:\shayan\tests\timing_results\mhptax.itserver.biz_timing.json

[INFO] Starting feature: Sales Invoice
Feature: Sales Invoice # features/global/domain2.feature:2

  @critical
  Scenario: Sales Invoice page           # features/global/domain2.feature:5
    Given we visit "orders/salesInvoice" # features/steps/form_actions.py:36
[INFO] Completed feature: Sales Invoice
DEBUG: context.domain = mhptax.itserver.biz
DEBUG: timing_summary = {'mhptax.itserver.biz': {'Server': 'MHP', 'Page Load': 1.4, 'Login': 195.0, 'Features': {'Sales Order': {'Feature': 0.3, 'Scenario Timings': [{'name': 'Sales order page', 'duration': 0.3, 'status': 'passed', 'failed_steps': []}], 'Failed Steps': []}, 'Sales Invoice': {'Feature': None, 'Scenario Timings': [{'name': 'Sales Invoice page', 'duration': 0.1, 'status': 'passed', 'failed_steps': []}], 'Failed Steps': []}}}}
PASS Feature: Sales Invoice (0.1s)
[DEBUG] Writing timing summary for mhptax.itserver.biz to E:\shayan\tests\timing_results\mhptax.itserver.biz_timing.json

[INFO] Closing browser for domain: mhptax.itserver.biz
[INFO] Browser closed successfully for domain: mhptax.itserver.biz
[INFO] Browser instance cleared for domain: mhptax.itserver.biz
[SUMMARY] Timing for mhptax.itserver.biz:
{
  "page_load": {
    "current": 1.4,
    "average": 1.3166666666666667,
    "values": [
      1.4,
      1.5,
      1.2,
      1.2,
      1.3,
      1.3
    ],
    "is_high": true
  },
  "login": {
    "current": 195.0,
    "average": 193.58333333333334,
    "values": [
      195.0,
      192.6,
      192.6,
      194.1,
      194.9,
      192.3
    ],
    "is_high": true
  },
  "features": {
    "Sales Order": {
      "current": 0.3,
      "average": 0.21666666666666667,
      "values": [
        0.3,
        0.1,
        0.4,
        0.2,
        0.1,
        0.2
      ],
      "is_high": true
    },
    "Sales Invoice": {
      "current": 0.1,
      "average": 0.13333333333333333,
      "values": [
        0.1,
        0.2,
        0.1,
        0.1,
        0.2,
        0.1
      ],
      "is_high": false
    }
  },
  "scenario": {
    "current": 0.2,
    "average": 0.16666666666666666,
    "values": [
      0.2,
      0.1,
      0.25,
      0.15000000000000002,
      0.15000000000000002,
      0.15000000000000002
    ],
    "is_high": true
  }
}

[INFO] Server: MHP | Domain: mhptax.itserver.biz
==================================================
[PASS] Sales Order
[PASS] Sales Invoice

============================================================
COMPLETED DOMAIN: mhptax.itserver.biz
============================================================

============================================================
STARTING DOMAIN: nb.newagedistributions.com (Server: NEWAGE)
============================================================
[INFO] Running 1 feature files for domain 'nb.newagedistributions.com':
    E:\shayan\tests\features\nb.newagedistributions.com\SO.feature
[INFO] Domain = nb.newagedistributions.com
[INFO] Starting browser and logging in for domain: nb.newagedistributions.com
[INFO] Creating fresh browser instance for domain: nb.newagedistributions.com
[INFO] Attempt 1/3: Creating Chrome driver...
[PASS] Chrome driver created successfully on attempt 1
[INFO] Attempt 1/3: Opening https://nb.newagedistributions.com/admin/?r=user/user/login&_lang=en
[PASS] Page loaded successfully on attempt 1
[PASS] Opened URL: https://nb.newagedistributions.com/admin/?r=user/user/login&_lang=en
[INFO] Testing refresh function for dashboard elements...
[WARN] Page load taking longer than 30s, refreshing... (refresh 1/2)
[WARN] Page load taking longer than 30s, refreshing... (refresh 2/2)
[WARN] Refresh function failed, trying fallback method: Message: 
Stacktrace:
Symbols not available. Dumping unresolved backtrace:
	0x7ff6d3f8aa55
	0x7ff6d3ce8630
	0x7ff6d3a7d75d
	0x7ff6d3ad862e
	0x7ff6d3ad893c
	0x7ff6d3b28d87
	0x7ff6d3b2591c
	0x7ff6d3ac9098
	0x7ff6d3ac9f83
	0x7ff6d3fb7810
	0x7ff6d3fb1afd
	0x7ff6d3fd2c1a
	0x7ff6d3d03345
	0x7ff6d3d0b81c
	0x7ff6d3cf1924
	0x7ff6d3cf1ad6
	0x7ff6d3cd7e47
	0x7ffcf0467374
	0x7ffcf247cc91

[PASS] Login successful - dashboard loaded with fallback method
[INFO] Login completed. Page Load: 4.1s, Login: 192.5s
[INFO] Login successful for domain: nb.newagedistributions.com
[INFO] Starting feature: Sales Order
Feature: Sales Order # features/nb.newagedistributions.com/SO.feature:4

  @critical
  Scenario: Visit Sales order page     # features/nb.newagedistributions.com/SO.feature:7
    Given we visit "orders/salesOrder" # features/steps/form_actions.py:36
    When we edit the top row           # features/steps/cartzlink_form.py:155
      Assertion Failed:  Edit button could not be clicked or did not open the form
      Captured stdout:
       Successfully loaded orders/salesOrder
      
      [Screenshot Saved] E:\shayan\tests\screenshots\we edit the top row_20260228_205301.png

[INFO] Completed feature: Sales Order
DEBUG: context.domain = nb.newagedistributions.com
DEBUG: timing_summary = {'nb.newagedistributions.com': {'Server': 'NEWAGE', 'Page Load': 4.1, 'Login': 192.5, 'Features': {'Sales Order': {'Feature': None, 'Scenario Timings': [{'name': 'Visit Sales order page', 'duration': 16.4, 'status': 'failed', 'failed_steps': []}], 'Failed Steps': []}}}}
PASS Feature: Sales Order (16.4s)
[DEBUG] Writing timing summary for nb.newagedistributions.com to E:\shayan\tests\timing_results\nb.newagedistributions.com_timing.json

[INFO] Closing browser for domain: nb.newagedistributions.com
[INFO] Browser closed successfully for domain: nb.newagedistributions.com
[INFO] Browser instance cleared for domain: nb.newagedistributions.com
[SUMMARY] Timing for nb.newagedistributions.com:
{
  "page_load": {
    "current": 4.1,
    "average": 4.1499999999999995,
    "values": [
      4.1,
      4.3,
      4.2,
      4.1,
      4.1,
      4.1
    ],
    "is_high": false
  },
  "login": {
    "current": 192.5,
    "average": 191.35,
    "values": [
      192.5,
      191.5,
      191.1,
      190.9,
      191.0,
      191.1
    ],
    "is_high": true
  },
  "features": {
    "Sales Order": {
      "current": 16.4,
      "average": 16.4,
      "values": [
        16.4,
        16.4,
        16.4,
        16.4,
        16.4,
        16.4
      ],
      "is_high": false
    }
  },
  "scenario": {
    "current": 16.4,
    "average": 16.4,
    "values": [
      16.4,
      16.4,
      16.4,
      16.4,
      16.4,
      16.4
    ],
    "is_high": false
  }
}

[INFO] Server: NEWAGE | Domain: nb.newagedistributions.com
==================================================
[FAIL] Sales Order

============================================================
COMPLETED DOMAIN: nb.newagedistributions.com
============================================================

============================================================
STARTING DOMAIN: novelaromas.itserver.biz (Server: NOVEAL-AROMAS)
============================================================
[INFO] Running 2 feature files for domain 'novelaromas.itserver.biz':
    E:\shayan\tests\features\global\domain.feature
    E:\shayan\tests\features\global\domain2.feature
[INFO] Domain = novelaromas.itserver.biz
[INFO] Starting browser and logging in for domain: novelaromas.itserver.biz
[INFO] Creating fresh browser instance for domain: novelaromas.itserver.biz
[INFO] Attempt 1/3: Creating Chrome driver...
[PASS] Chrome driver created successfully on attempt 1
[INFO] Attempt 1/3: Opening https://novelaromas.itserver.biz/admin/?r=user/user/login&_lang=en
[PASS] Page loaded successfully on attempt 1
[PASS] Opened URL: https://novelaromas.itserver.biz/admin/?r=user/user/login&_lang=en
[INFO] Testing refresh function for dashboard elements...
[WARN] Page load taking longer than 30s, refreshing... (refresh 1/2)
[WARN] Page load taking longer than 30s, refreshing... (refresh 2/2)
[WARN] Refresh function failed, trying fallback method: Message: 
Stacktrace:
Symbols not available. Dumping unresolved backtrace:
	0x7ff6d3f8aa55
	0x7ff6d3ce8630
	0x7ff6d3a7d75d
	0x7ff6d3ad862e
	0x7ff6d3ad893c
	0x7ff6d3b28d87
	0x7ff6d3b2591c
	0x7ff6d3ac9098
	0x7ff6d3ac9f83
	0x7ff6d3fb7810
	0x7ff6d3fb1afd
	0x7ff6d3fd2c1a
	0x7ff6d3d03345
	0x7ff6d3d0b81c
	0x7ff6d3cf1924
	0x7ff6d3cf1ad6
	0x7ff6d3cd7e47
	0x7ffcf0467374
	0x7ffcf247cc91

[PASS] Login successful - dashboard loaded with fallback method
[INFO] Login completed. Page Load: 1.5s, Login: 192.7s
[INFO] Login successful for domain: novelaromas.itserver.biz
[INFO] Starting feature: Sales Order
Feature: Sales Order # features/global/domain.feature:3

  @critical
  Scenario: Sales order page           # features/global/domain.feature:6
    Given we visit "orders/salesOrder" # features/steps/form_actions.py:36
[INFO] Completed feature: Sales Order
DEBUG: context.domain = novelaromas.itserver.biz
DEBUG: timing_summary = {'novelaromas.itserver.biz': {'Server': 'NOVEAL-AROMAS', 'Page Load': 1.5, 'Login': 192.7, 'Features': {'Sales Order': {'Feature': None, 'Scenario Timings': [{'name': 'Sales order page', 'duration': 0.1, 'status': 'passed', 'failed_steps': []}], 'Failed Steps': []}}}}
PASS Feature: Sales Order (0.1s)
[DEBUG] Writing timing summary for novelaromas.itserver.biz to E:\shayan\tests\timing_results\novelaromas.itserver.biz_timing.json

[INFO] Starting feature: Sales Invoice
Feature: Sales Invoice # features/global/domain2.feature:2

  @critical
  Scenario: Sales Invoice page           # features/global/domain2.feature:5
    Given we visit "orders/salesInvoice" # features/steps/form_actions.py:36
[INFO] Completed feature: Sales Invoice
DEBUG: context.domain = novelaromas.itserver.biz
DEBUG: timing_summary = {'novelaromas.itserver.biz': {'Server': 'NOVEAL-AROMAS', 'Page Load': 1.5, 'Login': 192.7, 'Features': {'Sales Order': {'Feature': 0.1, 'Scenario Timings': [{'name': 'Sales order page', 'duration': 0.1, 'status': 'passed', 'failed_steps': []}], 'Failed Steps': []}, 'Sales Invoice': {'Feature': None, 'Scenario Timings': [{'name': 'Sales Invoice page', 'duration': 0.1, 'status': 'passed', 'failed_steps': []}], 'Failed Steps': []}}}}
PASS Feature: Sales Invoice (0.1s)
[DEBUG] Writing timing summary for novelaromas.itserver.biz to E:\shayan\tests\timing_results\novelaromas.itserver.biz_timing.json

[INFO] Closing browser for domain: novelaromas.itserver.biz
[INFO] Browser closed successfully for domain: novelaromas.itserver.biz
[INFO] Browser instance cleared for domain: novelaromas.itserver.biz
[SUMMARY] Timing for novelaromas.itserver.biz:
{
  "page_load": {
    "current": 1.5,
    "average": 1.5,
    "values": [
      1.5,
      1.3,
      1.8,
      1.4
    ],
    "is_high": false
  },
  "login": {
    "current": 192.7,
    "average": 193.525,
    "values": [
      192.7,
      193.1,
      192.4,
      195.9
    ],
    "is_high": false
  },
  "features": {
    "Sales Order": {
      "current": 0.1,
      "average": 0.1,
      "values": [
        0.1,
        0.1,
        0.1,
        0.1
      ],
      "is_high": false
    },
    "Sales Invoice": {
      "current": 0.1,
      "average": 0.125,
      "values": [
        0.1,
        0.1,
        0.1,
        0.2
      ],
      "is_high": false
    }
  },
  "scenario": {
    "current": 0.1,
    "average": 0.11250000000000002,
    "values": [
      0.1,
      0.1,
      0.1,
      0.15000000000000002
    ],
    "is_high": false
  }
}

[INFO] Server: NOVEAL-AROMAS | Domain: novelaromas.itserver.biz
==================================================
[PASS] Sales Order
[PASS] Sales Invoice

============================================================
COMPLETED DOMAIN: novelaromas.itserver.biz
============================================================

============================================================
STARTING DOMAIN: demo.cartzlink.com (Server: S12)
============================================================
[INFO] Running 2 feature files for domain 'demo.cartzlink.com':
    E:\shayan\tests\features\global\domain.feature
    E:\shayan\tests\features\global\domain2.feature
[INFO] Domain = demo.cartzlink.com
[INFO] Starting browser and logging in for domain: demo.cartzlink.com
[INFO] Creating fresh browser instance for domain: demo.cartzlink.com
[INFO] Attempt 1/3: Creating Chrome driver...
[PASS] Chrome driver created successfully on attempt 1
[INFO] Attempt 1/3: Opening https://demo.cartzlink.com/admin/?r=user/user/login&_lang=en
[PASS] Page loaded successfully on attempt 1
[PASS] Opened URL: https://demo.cartzlink.com/admin/?r=user/user/login&_lang=en
[INFO] Testing refresh function for dashboard elements...
[WARN] Page load taking longer than 30s, refreshing... (refresh 1/2)
[WARN] Page load taking longer than 30s, refreshing... (refresh 2/2)
[WARN] Refresh function failed, trying fallback method: Message: 
Stacktrace:
Symbols not available. Dumping unresolved backtrace:
	0x7ff6d3f8aa55
	0x7ff6d3ce8630
	0x7ff6d3a7d75d
	0x7ff6d3ad862e
	0x7ff6d3ad893c
	0x7ff6d3b28d87
	0x7ff6d3b2591c
	0x7ff6d3ac9098
	0x7ff6d3ac9f83
	0x7ff6d3fb7810
	0x7ff6d3fb1afd
	0x7ff6d3fd2c1a
	0x7ff6d3d03345
	0x7ff6d3d0b81c
	0x7ff6d3cf1924
	0x7ff6d3cf1ad6
	0x7ff6d3cd7e47
	0x7ffcf0467374
	0x7ffcf247cc91

[PASS] Login successful - dashboard loaded with fallback method
[INFO] Login completed. Page Load: 5.8s, Login: 209.6s
[INFO] Login successful for domain: demo.cartzlink.com
[INFO] Starting feature: Sales Order
Feature: Sales Order # features/global/domain.feature:3

  @critical
  Scenario: Sales order page           # features/global/domain.feature:6
    Given we visit "orders/salesOrder" # features/steps/form_actions.py:36
[INFO] Completed feature: Sales Order
DEBUG: context.domain = demo.cartzlink.com
DEBUG: timing_summary = {'demo.cartzlink.com': {'Server': 'S12', 'Page Load': 5.8, 'Login': 209.6, 'Features': {'Sales Order': {'Feature': None, 'Scenario Timings': [{'name': 'Sales order page', 'duration': 1.0, 'status': 'passed', 'failed_steps': []}], 'Failed Steps': []}}}}
PASS Feature: Sales Order (1.0s)
[DEBUG] Writing timing summary for demo.cartzlink.com to E:\shayan\tests\timing_results\demo.cartzlink.com_timing.json

[INFO] Starting feature: Sales Invoice
Feature: Sales Invoice # features/global/domain2.feature:2

  @critical
  Scenario: Sales Invoice page           # features/global/domain2.feature:5
    Given we visit "orders/salesInvoice" # features/steps/form_actions.py:36
[INFO] Completed feature: Sales Invoice
DEBUG: context.domain = demo.cartzlink.com
DEBUG: timing_summary = {'demo.cartzlink.com': {'Server': 'S12', 'Page Load': 5.8, 'Login': 209.6, 'Features': {'Sales Order': {'Feature': 1.0, 'Scenario Timings': [{'name': 'Sales order page', 'duration': 1.0, 'status': 'passed', 'failed_steps': []}], 'Failed Steps': []}, 'Sales Invoice': {'Feature': None, 'Scenario Timings': [{'name': 'Sales Invoice page', 'duration': 1.0, 'status': 'passed', 'failed_steps': []}], 'Failed Steps': []}}}}
PASS Feature: Sales Invoice (1.0s)
[DEBUG] Writing timing summary for demo.cartzlink.com to E:\shayan\tests\timing_results\demo.cartzlink.com_timing.json

[INFO] Closing browser for domain: demo.cartzlink.com
[INFO] Browser closed successfully for domain: demo.cartzlink.com
[INFO] Browser instance cleared for domain: demo.cartzlink.com
[SUMMARY] Timing for demo.cartzlink.com:
{
  "page_load": {
    "current": 5.8,
    "average": 6.633333333333333,
    "values": [
      5.8,
      12.6,
      5.6,
      4.0,
      5.6,
      6.2
    ],
    "is_high": false
  },
  "login": {
    "current": 209.6,
    "average": 206.45000000000002,
    "values": [
      209.6,
      200.3,
      200.3,
      212.8,
      210.2,
      205.5
    ],
    "is_high": true
  },
  "features": {
    "Sales Order": {
      "current": 1.0,
      "average": 1.05,
      "values": [
        1.0,
        1.0,
        1.1,
        1.0,
        1.1,
        1.1
      ],
      "is_high": false
    },
    "Sales Invoice": {
      "current": 1.0,
      "average": 0.9500000000000001,
      "values": [
        1.0,
        0.9,
        1.0,
        0.8,
        0.7,
        1.3
      ],
      "is_high": true
    }
  },
  "scenario": {
    "current": 1.0,
    "average": 1.0,
    "values": [
      1.0,
      0.95,
      1.05,
      0.9,
      0.9,
      1.2000000000000002
    ],
    "is_high": false
  }
}

[INFO] Server: S12 | Domain: demo.cartzlink.com
==================================================
[PASS] Sales Order
[PASS] Sales Invoice

============================================================
COMPLETED DOMAIN: demo.cartzlink.com
============================================================

============================================================
STARTING DOMAIN: aonetrade.itserver.biz (Server: S12)
============================================================
[INFO] Running 2 feature files for domain 'aonetrade.itserver.biz':
    E:\shayan\tests\features\global\domain.feature
    E:\shayan\tests\features\global\domain2.feature
[INFO] Domain = aonetrade.itserver.biz
[INFO] Starting browser and logging in for domain: aonetrade.itserver.biz
[INFO] Creating fresh browser instance for domain: aonetrade.itserver.biz
[INFO] Attempt 1/3: Creating Chrome driver...
[PASS] Chrome driver created successfully on attempt 1
[INFO] Attempt 1/3: Opening https://aonetrade.itserver.biz/admin/?r=user/user/login&_lang=en
[PASS] Page loaded successfully on attempt 1
[PASS] Opened URL: https://aonetrade.itserver.biz/admin/?r=user/user/login&_lang=en
[INFO] Testing refresh function for dashboard elements...
[WARN] Page load taking longer than 30s, refreshing... (refresh 1/2)
[WARN] Page load taking longer than 30s, refreshing... (refresh 2/2)
[WARN] Refresh function failed, trying fallback method: Message: 
Stacktrace:
Symbols not available. Dumping unresolved backtrace:
	0x7ff6d3f8aa55
	0x7ff6d3ce8630
	0x7ff6d3a7d75d
	0x7ff6d3ad862e
	0x7ff6d3ad893c
	0x7ff6d3b28d87
	0x7ff6d3b2591c
	0x7ff6d3ac9098
	0x7ff6d3ac9f83
	0x7ff6d3fb7810
	0x7ff6d3fb1afd
	0x7ff6d3fd2c1a
	0x7ff6d3d03345
	0x7ff6d3d0b81c
	0x7ff6d3cf1924
	0x7ff6d3cf1ad6
	0x7ff6d3cd7e47
	0x7ffcf0467374
	0x7ffcf247cc91

[PASS] Login successful - dashboard loaded with fallback method
[INFO] Login completed. Page Load: 7.0s, Login: 210.4s
[INFO] Login successful for domain: aonetrade.itserver.biz
[INFO] Starting feature: Sales Order
Feature: Sales Order # features/global/domain.feature:3

  @critical
  Scenario: Sales order page           # features/global/domain.feature:6
    Given we visit "orders/salesOrder" # features/steps/form_actions.py:36
[INFO] Completed feature: Sales Order
DEBUG: context.domain = aonetrade.itserver.biz
DEBUG: timing_summary = {'aonetrade.itserver.biz': {'Server': 'S12', 'Page Load': 7.0, 'Login': 210.4, 'Features': {'Sales Order': {'Feature': None, 'Scenario Timings': [{'name': 'Sales order page', 'duration': 0.7, 'status': 'passed', 'failed_steps': []}], 'Failed Steps': []}}}}
PASS Feature: Sales Order (0.7s)
[DEBUG] Writing timing summary for aonetrade.itserver.biz to E:\shayan\tests\timing_results\aonetrade.itserver.biz_timing.json

[INFO] Starting feature: Sales Invoice
Feature: Sales Invoice # features/global/domain2.feature:2

  @critical
  Scenario: Sales Invoice page           # features/global/domain2.feature:5
    Given we visit "orders/salesInvoice" # features/steps/form_actions.py:36
[INFO] Completed feature: Sales Invoice
DEBUG: context.domain = aonetrade.itserver.biz
DEBUG: timing_summary = {'aonetrade.itserver.biz': {'Server': 'S12', 'Page Load': 7.0, 'Login': 210.4, 'Features': {'Sales Order': {'Feature': 0.7, 'Scenario Timings': [{'name': 'Sales order page', 'duration': 0.7, 'status': 'passed', 'failed_steps': []}], 'Failed Steps': []}, 'Sales Invoice': {'Feature': None, 'Scenario Timings': [{'name': 'Sales Invoice page', 'duration': 0.8, 'status': 'passed', 'failed_steps': []}], 'Failed Steps': []}}}}
PASS Feature: Sales Invoice (0.8s)
[DEBUG] Writing timing summary for aonetrade.itserver.biz to E:\shayan\tests\timing_results\aonetrade.itserver.biz_timing.json

[INFO] Closing browser for domain: aonetrade.itserver.biz
[INFO] Browser closed successfully for domain: aonetrade.itserver.biz
[INFO] Browser instance cleared for domain: aonetrade.itserver.biz
[SUMMARY] Timing for aonetrade.itserver.biz:
{
  "page_load": {
    "current": 7.0,
    "average": 4.75,
    "values": [
      7.0,
      4.3,
      4.5,
      4.2,
      4.4,
      4.1
    ],
    "is_high": true
  },
  "login": {
    "current": 210.4,
    "average": 210.0,
    "values": [
      210.4,
      210.0,
      209.7,
      199.4,
      220.4,
      210.1
    ],
    "is_high": true
  },
  "features": {
    "Sales Order": {
      "current": 0.7,
      "average": 0.85,
      "values": [
        0.7,
        0.8,
        1.0,
        0.9,
        0.9,
        0.8
      ],
      "is_high": false
    },
    "Sales Invoice": {
      "current": 0.8,
      "average": 0.8500000000000001,
      "values": [
        0.8,
        0.8,
        1.0,
        0.8,
        0.9,
        0.8
      ],
      "is_high": false
    }
  },
  "scenario": {
    "current": 0.75,
    "average": 0.8500000000000001,
    "values": [
      0.75,
      0.8,
      1.0,
      0.8500000000000001,
      0.9,
      0.8
    ],
    "is_high": false
  }
}

[INFO] Server: S12 | Domain: aonetrade.itserver.biz
==================================================
[PASS] Sales Order
[PASS] Sales Invoice

============================================================
COMPLETED DOMAIN: aonetrade.itserver.biz
============================================================

============================================================
STARTING DOMAIN: Aht.alhabib.group (Server: S13)
============================================================
[INFO] Running 2 feature files for domain 'Aht.alhabib.group':
    E:\shayan\tests\features\global\domain.feature
    E:\shayan\tests\features\global\domain2.feature
[INFO] Domain = Aht.alhabib.group
[INFO] Starting browser and logging in for domain: Aht.alhabib.group
[INFO] Creating fresh browser instance for domain: Aht.alhabib.group
[INFO] Attempt 1/3: Creating Chrome driver...
[PASS] Chrome driver created successfully on attempt 1
[INFO] Attempt 1/3: Opening https://Aht.alhabib.group/admin/?r=user/user/login&_lang=en
[PASS] Page loaded successfully on attempt 1
[PASS] Opened URL: https://Aht.alhabib.group/admin/?r=user/user/login&_lang=en
[INFO] Testing refresh function for dashboard elements...
[WARN] Page load taking longer than 30s, refreshing... (refresh 1/2)
[WARN] Page load taking longer than 30s, refreshing... (refresh 2/2)
[WARN] Refresh function failed, trying fallback method: Message: 
Stacktrace:
Symbols not available. Dumping unresolved backtrace:
	0x7ff6d3f8aa55
	0x7ff6d3ce8630
	0x7ff6d3a7d75d
	0x7ff6d3ad862e
	0x7ff6d3ad893c
	0x7ff6d3b28d87
	0x7ff6d3b2591c
	0x7ff6d3ac9098
	0x7ff6d3ac9f83
	0x7ff6d3fb7810
	0x7ff6d3fb1afd
	0x7ff6d3fd2c1a
	0x7ff6d3d03345
	0x7ff6d3d0b81c
	0x7ff6d3cf1924
	0x7ff6d3cf1ad6
	0x7ff6d3cd7e47
	0x7ffcf0467374
	0x7ffcf247cc91

[PASS] Login successful - dashboard loaded with fallback method
[INFO] Login completed. Page Load: 8.4s, Login: 210.3s
[INFO] Login successful for domain: Aht.alhabib.group
[INFO] Starting feature: Sales Order
Feature: Sales Order # features/global/domain.feature:3

  @critical
  Scenario: Sales order page           # features/global/domain.feature:6
    Given we visit "orders/salesOrder" # features/steps/form_actions.py:36
[INFO] Completed feature: Sales Order
DEBUG: context.domain = Aht.alhabib.group
DEBUG: timing_summary = {'Aht.alhabib.group': {'Server': 'S13', 'Page Load': 8.4, 'Login': 210.3, 'Features': {'Sales Order': {'Feature': None, 'Scenario Timings': [{'name': 'Sales order page', 'duration': 1.3, 'status': 'passed', 'failed_steps': []}], 'Failed Steps': []}}}}
PASS Feature: Sales Order (1.3s)
[DEBUG] Writing timing summary for Aht.alhabib.group to E:\shayan\tests\timing_results\Aht.alhabib.group_timing.json

[INFO] Starting feature: Sales Invoice
Feature: Sales Invoice # features/global/domain2.feature:2

  @critical
  Scenario: Sales Invoice page           # features/global/domain2.feature:5
    Given we visit "orders/salesInvoice" # features/steps/form_actions.py:36
[INFO] Completed feature: Sales Invoice
DEBUG: context.domain = Aht.alhabib.group
DEBUG: timing_summary = {'Aht.alhabib.group': {'Server': 'S13', 'Page Load': 8.4, 'Login': 210.3, 'Features': {'Sales Order': {'Feature': 1.3, 'Scenario Timings': [{'name': 'Sales order page', 'duration': 1.3, 'status': 'passed', 'failed_steps': []}], 'Failed Steps': []}, 'Sales Invoice': {'Feature': None, 'Scenario Timings': [{'name': 'Sales Invoice page', 'duration': 1.2, 'status': 'passed', 'failed_steps': []}], 'Failed Steps': []}}}}
PASS Feature: Sales Invoice (1.2s)
[DEBUG] Writing timing summary for Aht.alhabib.group to E:\shayan\tests\timing_results\Aht.alhabib.group_timing.json

[INFO] Closing browser for domain: Aht.alhabib.group
[INFO] Browser closed successfully for domain: Aht.alhabib.group
[INFO] Browser instance cleared for domain: Aht.alhabib.group
[SUMMARY] Timing for Aht.alhabib.group:
{
  "page_load": {
    "current": 8.4,
    "average": 5.3,
    "values": [
      8.4,
      5.0,
      3.4,
      6.5,
      3.2,
      5.3
    ],
    "is_high": true
  },
  "login": {
    "current": 210.3,
    "average": 198.5666666666667,
    "values": [
      210.3,
      211.2,
      191.6,
      192.4,
      192.2,
      193.7
    ],
    "is_high": true
  },
  "features": {
    "Sales Order": {
      "current": 1.3,
      "average": 1.45,
      "values": [
        1.3,
        2.1,
        1.2,
        1.6,
        1.2,
        1.3
      ],
      "is_high": false
    },
    "Sales Invoice": {
      "current": 1.2,
      "average": 1.2833333333333332,
      "values": [
        1.2,
        1.4,
        1.0,
        1.5,
        1.2,
        1.4
      ],
      "is_high": false
    }
  },
  "scenario": {
    "current": 1.25,
    "average": 1.3666666666666665,
    "values": [
      1.25,
      1.75,
      1.1,
      1.55,
      1.2,
      1.35
    ],
    "is_high": false
  }
}

[INFO] Server: S13 | Domain: Aht.alhabib.group
==================================================
[PASS] Sales Order
[PASS] Sales Invoice

============================================================
COMPLETED DOMAIN: Aht.alhabib.group
============================================================

============================================================
STARTING DOMAIN: Ahta.alhabib.group (Server: S13)
============================================================
[INFO] Running 2 feature files for domain 'Ahta.alhabib.group':
    E:\shayan\tests\features\global\domain.feature
    E:\shayan\tests\features\global\domain2.feature
[INFO] Domain = Ahta.alhabib.group
[INFO] Starting browser and logging in for domain: Ahta.alhabib.group
[INFO] Creating fresh browser instance for domain: Ahta.alhabib.group
[INFO] Attempt 1/3: Creating Chrome driver...
[PASS] Chrome driver created successfully on attempt 1
[INFO] Attempt 1/3: Opening https://Ahta.alhabib.group/admin/?r=user/user/login&_lang=en
[PASS] Page loaded successfully on attempt 1
[PASS] Opened URL: https://Ahta.alhabib.group/admin/?r=user/user/login&_lang=en
[INFO] Testing refresh function for dashboard elements...
[WARN] Page load taking longer than 30s, refreshing... (refresh 1/2)
[WARN] Page load taking longer than 30s, refreshing... (refresh 2/2)
[WARN] Refresh function failed, trying fallback method: Message: 
Stacktrace:
Symbols not available. Dumping unresolved backtrace:
	0x7ff6d3f8aa55
	0x7ff6d3ce8630
	0x7ff6d3a7d75d
	0x7ff6d3ad862e
	0x7ff6d3ad893c
	0x7ff6d3b28d87
	0x7ff6d3b2591c
	0x7ff6d3ac9098
	0x7ff6d3ac9f83
	0x7ff6d3fb7810
	0x7ff6d3fb1afd
	0x7ff6d3fd2c1a
	0x7ff6d3d03345
	0x7ff6d3d0b81c
	0x7ff6d3cf1924
	0x7ff6d3cf1ad6
	0x7ff6d3cd7e47
	0x7ffcf0467374
	0x7ffcf247cc91

[PASS] Login successful - dashboard loaded with fallback method
[INFO] Login completed. Page Load: 145.8s, Login: 210.5s
[INFO] Login successful for domain: Ahta.alhabib.group
[INFO] Starting feature: Sales Order
Feature: Sales Order # features/global/domain.feature:3

  @critical
  Scenario: Sales order page           # features/global/domain.feature:6
    Given we visit "orders/salesOrder" # features/steps/form_actions.py:36
[INFO] Completed feature: Sales Order
DEBUG: context.domain = Ahta.alhabib.group
DEBUG: timing_summary = {'Ahta.alhabib.group': {'Server': 'S13', 'Page Load': 145.8, 'Login': 210.5, 'Features': {'Sales Order': {'Feature': None, 'Scenario Timings': [{'name': 'Sales order page', 'duration': 1.5, 'status': 'passed', 'failed_steps': []}], 'Failed Steps': []}}}}
PASS Feature: Sales Order (1.5s)
[DEBUG] Writing timing summary for Ahta.alhabib.group to E:\shayan\tests\timing_results\Ahta.alhabib.group_timing.json

[INFO] Starting feature: Sales Invoice
Feature: Sales Invoice # features/global/domain2.feature:2

  @critical
  Scenario: Sales Invoice page           # features/global/domain2.feature:5
    Given we visit "orders/salesInvoice" # features/steps/form_actions.py:36
[INFO] Completed feature: Sales Invoice
DEBUG: context.domain = Ahta.alhabib.group
DEBUG: timing_summary = {'Ahta.alhabib.group': {'Server': 'S13', 'Page Load': 145.8, 'Login': 210.5, 'Features': {'Sales Order': {'Feature': 1.5, 'Scenario Timings': [{'name': 'Sales order page', 'duration': 1.5, 'status': 'passed', 'failed_steps': []}], 'Failed Steps': []}, 'Sales Invoice': {'Feature': None, 'Scenario Timings': [{'name': 'Sales Invoice page', 'duration': 1.5, 'status': 'passed', 'failed_steps': []}], 'Failed Steps': []}}}}
PASS Feature: Sales Invoice (1.5s)
[DEBUG] Writing timing summary for Ahta.alhabib.group to E:\shayan\tests\timing_results\Ahta.alhabib.group_timing.json

[INFO] Closing browser for domain: Ahta.alhabib.group
[INFO] Browser closed successfully for domain: Ahta.alhabib.group
[INFO] Browser instance cleared for domain: Ahta.alhabib.group
[SUMMARY] Timing for Ahta.alhabib.group:
{
  "page_load": {
    "current": 145.8,
    "average": 29.21666666666667,
    "values": [
      145.8,
      7.2,
      4.1,
      7.5,
      3.7,
      7.0
    ],
    "is_high": true
  },
  "login": {
    "current": 210.5,
    "average": 199.04999999999998,
    "values": [
      210.5,
      213.3,
      192.6,
      193.3,
      192.1,
      192.5
    ],
    "is_high": true
  },
  "features": {
    "Sales Order": {
      "current": 1.5,
      "average": 2.8000000000000003,
      "values": [
        1.5,
        10.0,
        1.2,
        1.5,
        1.2,
        1.4
      ],
      "is_high": false
    },
    "Sales Invoice": {
      "current": 1.5,
      "average": 2.0,
      "values": [
        1.5,
        5.0,
        1.0,
        1.6,
        1.4,
        1.5
      ],
      "is_high": false
    }
  },
  "scenario": {
    "current": 1.5,
    "average": 2.4,
    "values": [
      1.5,
      7.5,
      1.1,
      1.55,
      1.2999999999999998,
      1.45
    ],
    "is_high": false
  }
}

[INFO] Server: S13 | Domain: Ahta.alhabib.group
==================================================
[PASS] Sales Order
[PASS] Sales Invoice

============================================================
COMPLETED DOMAIN: Ahta.alhabib.group
============================================================

============================================================
STARTING DOMAIN: scentnsecret.itserver.biz (Server: SCENTNSECRET)
============================================================
[INFO] Running 2 feature files for domain 'scentnsecret.itserver.biz':
    E:\shayan\tests\features\scentnsecret.itserver.biz\AccV.feature
    E:\shayan\tests\features\scentnsecret.itserver.biz\SO.feature
[INFO] Domain = scentnsecret.itserver.biz
[INFO] Starting browser and logging in for domain: scentnsecret.itserver.biz
[INFO] Creating fresh browser instance for domain: scentnsecret.itserver.biz
[INFO] Attempt 1/5: Creating Chrome driver...
[INFO] Applying performance optimizations for problematic domain: scentnsecret.itserver.biz
[PASS] Chrome driver created successfully on attempt 1
[INFO] Attempt 1/5: Opening https://scentnsecret.itserver.biz/admin/?r=user/user/login&_lang=en
[PASS] Page loaded successfully on attempt 1
[PASS] Opened URL: https://scentnsecret.itserver.biz/admin/?r=user/user/login&_lang=en
[INFO] Testing refresh function for dashboard elements...
[WARN] Page load taking longer than 60s, refreshing... (refresh 1/2)
[WARN] Page load taking longer than 60s, refreshing... (refresh 2/2)
[WARN] Refresh function failed, trying fallback method: Message: 
Stacktrace:
Symbols not available. Dumping unresolved backtrace:
	0x7ff6d3f8aa55
	0x7ff6d3ce8630
	0x7ff6d3a7d75d
	0x7ff6d3ad862e
	0x7ff6d3ad893c
	0x7ff6d3b28d87
	0x7ff6d3b2591c
	0x7ff6d3ac9098
	0x7ff6d3ac9f83
	0x7ff6d3fb7810
	0x7ff6d3fb1afd
	0x7ff6d3fd2c1a
	0x7ff6d3d03345
	0x7ff6d3d0b81c
	0x7ff6d3cf1924
	0x7ff6d3cf1ad6
	0x7ff6d3cd7e47
	0x7ffcf0467374
	0x7ffcf247cc91

[PASS] Login successful - dashboard loaded with fallback method
[INFO] Login completed. Page Load: 2.5s, Login: 335.9s
[INFO] Login successful for domain: scentnsecret.itserver.biz
[INFO] Starting feature: Add Account Voucher
Feature: Add Account Voucher # features/scentnsecret.itserver.biz/AccV.feature:4

  @critical
  Scenario: Visit Account Voucher Page and click on Edit btn  # features/scentnsecret.itserver.biz/AccV.feature:7
    Given we visit "accounts2"                                # features/steps/form_actions.py:36
    When we edit the top row                                  # features/steps/cartzlink_form.py:155
      Assertion Failed:  Edit button could not be clicked or did not open the form
      Captured stdout:
       Successfully loaded accounts2
      
      [Screenshot Saved] E:\shayan\tests\screenshots\we edit the top row_20260228_212032.png

[INFO] Completed feature: Add Account Voucher
DEBUG: context.domain = scentnsecret.itserver.biz
DEBUG: timing_summary = {'scentnsecret.itserver.biz': {'Server': 'SCENTNSECRET', 'Page Load': 2.5, 'Login': 335.9, 'Features': {'Add Account Voucher': {'Feature': None, 'Scenario Timings': [{'name': 'Visit Account Voucher Page and click on Edit btn', 'duration': 21.8, 'status': 'failed', 'failed_steps': []}], 'Failed Steps': []}}}}
PASS Feature: Add Account Voucher (21.8s)
[DEBUG] Writing timing summary for scentnsecret.itserver.biz to E:\shayan\tests\timing_results\scentnsecret.itserver.biz_timing.json

[INFO] Starting feature: Sales Order
Feature: Sales Order # features/scentnsecret.itserver.biz/SO.feature:4

  @critical
  Scenario: Visit Sales order page     # features/scentnsecret.itserver.biz/SO.feature:7
    Given we visit "orders/salesOrder" # features/steps/form_actions.py:36
[INFO] Completed feature: Sales Order
DEBUG: context.domain = scentnsecret.itserver.biz
DEBUG: timing_summary = {'scentnsecret.itserver.biz': {'Server': 'SCENTNSECRET', 'Page Load': 2.5, 'Login': 335.9, 'Features': {'Add Account Voucher': {'Feature': 21.8, 'Scenario Timings': [{'name': 'Visit Account Voucher Page and click on Edit btn', 'duration': 21.8, 'status': 'failed', 'failed_steps': []}], 'Failed Steps': []}, 'Sales Order': {'Feature': None, 'Scenario Timings': [{'name': 'Visit Sales order page', 'duration': 0.5, 'status': 'passed', 'failed_steps': []}], 'Failed Steps': []}}}}
PASS Feature: Sales Order (0.5s)
[DEBUG] Writing timing summary for scentnsecret.itserver.biz to E:\shayan\tests\timing_results\scentnsecret.itserver.biz_timing.json

[INFO] Closing browser for domain: scentnsecret.itserver.biz
[INFO] Browser closed successfully for domain: scentnsecret.itserver.biz
[INFO] Browser instance cleared for domain: scentnsecret.itserver.biz
[SUMMARY] Timing for scentnsecret.itserver.biz:
{
  "page_load": {
    "current": 2.5,
    "average": 2.316666666666667,
    "values": [
      2.5,
      2.5,
      2.4,
      1.6,
      2.5,
      2.4
    ],
    "is_high": true
  },
  "login": {
    "current": 335.9,
    "average": 336.28333333333336,
    "values": [
      335.9,
      336.1,
      338.6,
      335.8,
      335.5,
      335.8
    ],
    "is_high": false
  },
  "features": {
    "Add Account Voucher": {
      "current": 21.8,
      "average": 21.816666666666666,
      "values": [
        21.8,
        22.0,
        21.7,
        21.8,
        21.8,
        21.8
      ],
      "is_high": false
    },
    "Sales Order": {
      "current": 0.5,
      "average": 0.5499999999999999,
      "values": [
        0.5,
        0.5,
        0.7,
        0.6,
        0.5,
        0.5
      ],
      "is_high": false
    }
  },
  "scenario": {
    "current": 11.15,
    "average": 11.183333333333332,
    "values": [
      11.15,
      11.25,
      11.2,
      11.200000000000001,
      11.15,
      11.15
    ],
    "is_high": false
  }
}

[INFO] Server: SCENTNSECRET | Domain: scentnsecret.itserver.biz
==================================================
[FAIL] Add Account Voucher
[PASS] Sales Order

============================================================
COMPLETED DOMAIN: scentnsecret.itserver.biz
============================================================
[PASS] Test summary email sent successfully.
Finished at Sat 02/28/2026 21:20:50.61 
========================================= 
